customer_id,age,gender,city,signup_date,subscription_type
C100000,32,Female,Jaipur,2025-01-18,Standard
C100001,23,Male,Ghaziabad,2024-10-20,Premium
C100002,37,Female,New Delhi,2025-07-07,Basic
C100003,31,Female,Gurugram,2025-03-24,Basic
C100004,19,Male,Noida,2025-03-19,Premium
C100005,26,Male,Gurugram,2025-04-22,Basic
C100006,54,Female,Mumbai,2025-02-21,Standard
C100007,37,Male,Noida,2025-05-20,Basic
C100008,43,Female,New Delhi,2024-09-07,Premium
C100009,46,Female,Lucknow,2025-01-20,Standard
C100010,18,Female,Noida,2025-10-11,Standard
C100011,52,Male,New Delhi,2025-01-21,Standard
C100012,23,Male,Bengaluru,2025-09-05,Basic
C100013,54,Female,Bengaluru,2024-07-16,Basic
C100014,22,Male,Jaipur,2024-10-27,Standard
C100015,50,Female,Gurugram,2024-12-20,Basic
C100016,31,Female,Faridabad,2024-07-10,Standard
C100017,29,Male,Lucknow,2025-08-20,Premium
C100018,59,Male,Gurugram,2024-06-27,Standard
C100019,37,Male,Gurugram,2025-09-26,Standard
C100020,41,Male,Bengaluru,2025-06-13,Standard
C100021,51,Female,Gurugram,2025-06-26,Standard
C100022,42,Female,Lucknow,2025-05-20,Basic
C100023,46,Female,Noida,2024-09-09,Basic
C100024,56,Female,Noida,2025-08-16,Basic
C100025,48,Male,Gurugram,2025-05-05,Standard
C100026,40,Female,Bengaluru,2025-10-02,Standard
C100027,55,Female,New Delhi,2025-05-24,Standard
C100028,37,Female,Faridabad,2025-09-27,Basic
C100029,40,Female,Jaipur,2025-08-17,Standard
C100030,33,Male,Jaipur,2024-09-19,Basic
C100031,59,Female,Mumbai,2025-08-21,Standard
C100032,25,Male,Faridabad,2025-11-12,Standard
C100033,38,Male,New Delhi,2025-01-23,Basic
C100034,18,Male,Mumbai,2025-05-01,Basic
C100035,25,Female,Ghaziabad,2024-10-12,Standard
C100036,46,Female,New Delhi,2024-11-30,Standard
C100037,49,Female,Gurugram,2025-08-10,Basic
C100038,55,Female,Bengaluru,2025-05-25,Premium
C100039,22,Female,New Delhi,2024-06-16,Standard
C100040,39,Female,Jaipur,2025-07-12,Premium
C100041,51,Male,Noida,2024-09-23,Basic
C100042,18,Male,Gurugram,2025-01-08,Standard
C100043,43,Male,Ghaziabad,2024-06-27,Premium
C100044,27,Female,Gurugram,2025-10-19,Standard
C100045,47,Female,Noida,2025-06-08,Standard
C100046,35,Male,Faridabad,2024-06-05,Basic
C100047,34,Male,Noida,2024-11-30,Basic
C100048,43,Female,Lucknow,2025-04-15,Basic
C100049,25,Male,Bengaluru,2024-09-28,Basic
C100050,57,Female,Lucknow,2024-06-19,Basic
C100051,29,Female,Gurugram,2025-11-07,Basic
C100052,44,Male,Gurugram,2025-01-26,Premium
C100053,25,Male,Faridabad,2024-10-22,Basic
C100054,42,Female,Mumbai,2024-08-01,Standard
C100055,21,Female,Bengaluru,2024-10-19,Standard
C100056,50,Male,Bengaluru,2024-06-10,Standard
C100057,18,Female,New Delhi,2025-07-29,Basic
C100058,36,Male,Noida,2025-10-16,Standard
C100059,48,Male,Noida,2025-03-27,Standard
C100060,33,Female,Gurugram,2025-02-10,Standard
C100061,31,Female,Gurugram,2024-10-29,Standard
C100062,22,Male,Mumbai,2024-12-26,Premium
C100063,58,Female,Gurugram,2025-01-13,Standard
C100064,43,Female,Gurugram,2025-02-02,Basic
C100065,45,Male,Gurugram,2024-05-22,Standard
C100066,19,Male,Mumbai,2024-06-29,Basic
C100067,23,Female,Faridabad,2025-09-04,Premium
C100068,26,Male,Jaipur,2024-08-26,Basic
C100069,50,Male,Mumbai,2024-12-30,Basic
C100070,58,Male,New Delhi,2024-12-14,Standard
C100071,42,Female,Ghaziabad,2025-01-12,Standard
C100072,30,Female,Gurugram,2024-12-11,Basic
C100073,26,Female,Gurugram,2025-07-17,Standard
C100074,30,Male,Bengaluru,2025-10-16,Premium
C100075,48,Female,Lucknow,2025-06-18,Basic
C100076,58,Female,New Delhi,2025-07-15,Premium
C100077,28,Female,New Delhi,2025-02-02,Basic
C100078,21,Female,Faridabad,2025-06-23,Standard
C100079,51,Male,Gurugram,2024-06-27,Standard
C100080,55,Female,Gurugram,2025-02-28,Basic
C100081,21,Male,Gurugram,2025-07-13,Basic
C100082,55,Male,New Delhi,2024-06-18,Basic
C100083,36,Male,Bengaluru,2025-07-22,Standard
C100084,23,Male,New Delhi,2025-10-17,Standard
C100085,51,Male,Gurugram,2024-06-03,Standard
C100086,35,Female,Noida,2025-02-08,Basic
C100087,30,Male,Bengaluru,2025-08-10,Basic
C100088,58,Female,Gurugram,2024-05-20,Basic
C100089,40,Male,Gurugram,2024-09-21,Basic
C100090,36,Male,New Delhi,2024-08-03,Standard
C100091,28,Female,Lucknow,2025-04-13,Premium
C100092,18,Male,Faridabad,2024-12-17,Standard
C100093,41,Male,Bengaluru,2025-02-18,Basic
C100094,24,Female,Mumbai,2024-10-13,Premium
C100095,42,Male,Bengaluru,2024-11-21,Standard
C100096,38,Male,Ghaziabad,2025-07-01,Premium
C100097,32,Male,Noida,2025-10-11,Standard
C100098,18,Female,Gurugram,2025-08-06,Basic
C100099,29,Female,Chennai,2025-02-24,Basic
C100100,24,Female,New Delhi,2024-12-25,Standard
C100101,32,Female,Gurugram,2025-10-21,Basic
C100102,38,Male,Jaipur,2025-04-07,Basic
C100103,36,Male,New Delhi,2025-07-26,Standard
C100104,46,Female,Faridabad,2024-11-20,Standard
C100105,42,Male,Faridabad,2025-03-28,Standard
C100106,50,Male,Noida,2024-10-04,Basic
C100107,49,Male,Bengaluru,2024-08-10,Basic
C100108,52,Male,New Delhi,2024-07-11,Standard
C100109,55,Other,Noida,2025-09-12,Premium
C100110,43,Male,Faridabad,2025-11-10,Standard
C100111,28,Male,Jaipur,2025-08-14,Premium
C100112,52,Male,Bengaluru,2024-11-07,Standard
C100113,25,Female,New Delhi,2025-06-17,Standard
C100114,31,Male,Ghaziabad,2025-10-09,Basic
C100115,27,Male,Gurugram,2024-10-13,Standard
C100116,19,Female,Mumbai,2025-10-04,Standard
C100117,26,Female,New Delhi,2025-01-31,Standard
C100118,20,Male,Jaipur,2025-11-06,Standard
C100119,38,Male,Gurugram,2024-10-14,Standard
C100120,43,Male,Gurugram,2024-08-07,Basic
C100121,25,Male,Noida,2025-02-09,Standard
C100122,19,Male,Bengaluru,2025-03-17,Basic
C100123,23,Male,Faridabad,2025-08-30,Standard
C100124,45,Male,Mumbai,2025-08-19,Basic
C100125,46,Male,Noida,2025-05-07,Basic
C100126,43,Female,Noida,2025-05-29,Basic
C100127,42,Female,Gurugram,2025-02-25,Standard
C100128,29,Female,Bengaluru,2024-08-02,Basic
C100129,22,Male,Gurugram,2025-09-18,Basic
C100130,51,Male,Bengaluru,2024-08-18,Standard
C100131,54,Female,Mumbai,2024-05-28,Basic
C100132,32,Male,Mumbai,2025-01-29,Premium
C100133,53,Male,Faridabad,2025-04-13,Premium
C100134,32,Female,Jaipur,2024-08-19,Standard
C100135,40,Female,Lucknow,2024-06-27,Basic
C100136,23,Female,Gurugram,2025-07-19,Standard
C100137,38,Male,Ghaziabad,2025-06-21,Basic
C100138,40,Male,Gurugram,2024-07-23,Standard
C100139,33,Female,Noida,2025-10-31,Basic
C100140,32,Male,Gurugram,2024-12-10,Premium
C100141,42,Female,Gurugram,2025-07-20,Basic
C100142,53,Female,New Delhi,2025-02-19,Standard
C100143,28,Female,Noida,2025-09-30,Standard
C100144,32,Male,Ghaziabad,2025-02-09,Standard
C100145,21,Male,Gurugram,2025-01-28,Basic
C100146,38,Female,Noida,2025-07-16,Premium
C100147,30,Female,Gurugram,2025-05-16,Standard
C100148,39,Female,Faridabad,2025-01-21,Standard
C100149,36,Male,Ghaziabad,2025-02-15,Basic
C100150,51,Male,Faridabad,2025-06-12,Standard
C100151,31,Female,Lucknow,2025-07-11,Basic
C100152,21,Female,New Delhi,2024-11-04,Basic
C100153,44,Female,Lucknow,2025-04-22,Basic
C100154,46,Male,Noida,2025-10-11,Standard
C100155,45,Female,Noida,2024-08-23,Basic
C100156,52,Female,Ghaziabad,2025-07-05,Basic
C100157,25,Female,Gurugram,2025-06-25,Standard
C100158,33,Male,Ghaziabad,2025-10-26,Standard
C100159,59,Male,Ghaziabad,2025-02-15,Basic
C100160,53,Female,New Delhi,2025-02-17,Standard
C100161,47,Male,Gurugram,2024-06-17,Basic
C100162,35,Male,Gurugram,2024-06-22,Basic
C100163,19,Female,Mumbai,2025-04-07,Basic
C100164,30,Male,Jaipur,2025-08-19,Standard
C100165,21,Female,Gurugram,2025-05-05,Basic
C100166,43,Male,New Delhi,2025-02-03,Basic
C100167,42,Female,Faridabad,2024-06-14,Basic
C100168,47,Female,Bengaluru,2025-02-17,Standard
C100169,28,Male,Gurugram,2025-07-31,Basic
C100170,24,Male,Gurugram,2024-07-25,Basic
C100171,48,Male,Bengaluru,2025-06-16,Basic
C100172,27,Male,Gurugram,2025-04-30,Basic
C100173,56,Female,Gurugram,2025-07-11,Standard
C100174,30,Female,Mumbai,2025-11-04,Standard
C100175,48,Male,Ghaziabad,2024-10-07,Basic
C100176,24,Male,New Delhi,2024-06-11,Basic
C100177,59,Male,Gurugram,2024-11-02,Basic
C100178,59,Female,Gurugram,2025-01-19,Basic
C100179,53,Male,Gurugram,2025-10-22,Basic
C100180,37,Female,Bengaluru,2024-11-23,Standard
C100181,21,Female,Noida,2025-09-03,Premium
C100182,24,Female,Jaipur,2025-09-16,Premium
C100183,18,Male,Mumbai,2025-02-12,Premium
C100184,59,Female,Noida,2025-11-02,Standard
C100185,30,Male,Gurugram,2024-05-20,Standard
C100186,39,Male,Noida,2024-10-23,Basic
C100187,38,Female,Mumbai,2024-12-16,Standard
C100188,39,Female,Bengaluru,2024-09-15,Standard
C100189,45,Male,Gurugram,2024-10-17,Standard
C100190,26,Male,Jaipur,2024-11-30,Standard
C100191,43,Male,Faridabad,2025-08-25,Basic
C100192,26,Male,Mumbai,2024-08-16,Basic
C100193,32,Male,Gurugram,2025-07-31,Premium
C100194,27,Male,Faridabad,2025-08-17,Basic
C100195,41,Male,Bengaluru,2024-12-04,Standard
C100196,59,Female,Noida,2025-05-25,Premium
C100197,25,Female,Noida,2024-11-13,Standard
C100198,41,Female,Gurugram,2025-02-23,Standard
C100199,33,Male,New Delhi,2024-07-15,Basic
C100200,43,Female,New Delhi,2024-05-28,Basic
C100201,44,Female,Mumbai,2025-06-14,Premium
C100202,54,Female,New Delhi,2024-09-29,Standard
C100203,21,Female,Noida,2025-01-12,Standard
C100204,41,Female,Jaipur,2025-01-03,Basic
C100205,36,Male,Gurugram,2024-08-17,Basic
C100206,53,Male,Noida,2024-07-24,Premium
C100207,56,Female,Lucknow,2024-08-27,Basic
C100208,27,Female,Bengaluru,2025-08-27,Standard
C100209,42,Female,Ghaziabad,2025-02-01,Basic
C100210,35,Male,Jaipur,2025-08-01,Standard
C100211,36,Male,Gurugram,2024-12-17,Premium
C100212,53,Male,Mumbai,2025-01-26,Standard
C100213,27,Female,Gurugram,2025-10-12,Basic
C100214,50,Female,Lucknow,2024-07-21,Standard
C100215,22,Male,New Delhi,2025-03-14,Standard
C100216,52,Male,Mumbai,2025-06-05,Basic
C100217,51,Male,Jaipur,2024-06-01,Premium
C100218,50,Female,Lucknow,2024-10-02,Standard
C100219,38,Female,Gurugram,2025-10-12,Premium
C100220,34,Female,Noida,2024-10-28,Standard
C100221,39,Male,Ghaziabad,2025-06-10,Basic
C100222,54,Female,Lucknow,2025-09-02,Basic
C100223,32,Male,Gurugram,2025-03-26,Basic
C100224,52,Female,Chennai,2025-07-11,Premium
C100225,45,Male,Bengaluru,2024-08-04,Standard
C100226,24,Male,New Delhi,2025-05-17,Standard
C100227,49,Female,Bengaluru,2025-07-17,Basic
C100228,28,Female,Noida,2025-07-01,Basic
C100229,27,Male,Noida,2024-12-30,Standard
C100230,26,Female,New Delhi,2024-11-30,Standard
C100231,31,Male,Faridabad,2024-07-31,Basic
C100232,30,Male,Jaipur,2025-05-11,Standard
C100233,42,Male,Noida,2025-10-03,Basic
C100234,19,Male,Ghaziabad,2025-07-05,Basic
C100235,52,Male,Jaipur,2025-07-01,Standard
C100236,24,Male,Jaipur,2025-07-06,Basic
C100237,38,Male,Gurugram,2025-09-04,Premium
C100238,35,Female,Bengaluru,2025-02-26,Basic
C100239,20,Male,Noida,2024-08-01,Basic
C100240,59,Female,New Delhi,2024-07-06,Basic
C100241,56,Male,Gurugram,2025-06-22,Standard
C100242,58,Female,Noida,2025-06-08,Basic
C100243,28,Male,Bengaluru,2025-01-18,Standard
C100244,56,Male,New Delhi,2024-12-31,Basic
C100245,41,Male,Lucknow,2024-09-17,Basic
C100246,36,Male,Gurugram,2024-09-20,Basic
C100247,21,Male,Noida,2024-10-16,Standard
C100248,43,Female,Chennai,2024-11-06,Premium
C100249,55,Female,Lucknow,2025-04-29,Basic
C100250,59,Female,Gurugram,2024-09-02,Standard
C100251,49,Female,Noida,2025-09-07,Premium
C100252,56,Male,Gurugram,2024-11-25,Basic
C100253,53,Male,Noida,2024-06-30,Standard
C100254,57,Male,Bengaluru,2024-12-09,Basic
C100255,54,Male,Lucknow,2025-03-11,Premium
C100256,50,Male,Gurugram,2024-10-06,Standard
C100257,53,Male,Mumbai,2025-10-08,Premium
C100258,20,Male,Faridabad,2024-09-12,Standard
C100259,26,Male,New Delhi,2025-07-05,Basic
C100260,25,Female,Noida,2025-06-18,Premium
C100261,50,Female,Ghaziabad,2025-09-18,Basic
C100262,23,Male,Faridabad,2024-11-21,Basic
C100263,58,Female,Noida,2024-10-19,Standard
C100264,56,Female,Noida,2025-01-09,Standard
C100265,21,Male,Gurugram,2025-07-07,Premium
C100266,30,Male,Bengaluru,2024-07-08,Basic
C100267,19,Male,Faridabad,2025-11-08,Standard
C100268,22,Female,Gurugram,2025-05-26,Standard
C100269,44,Female,Lucknow,2025-04-12,Basic
C100270,49,Male,Mumbai,2025-09-18,Basic
C100271,38,Male,Mumbai,2025-06-03,Basic
C100272,25,Female,New Delhi,2025-06-26,Basic
C100273,55,Male,Gurugram,2024-07-18,Premium
C100274,25,Male,Noida,2025-11-12,Standard
C100275,20,Female,Gurugram,2025-02-14,Standard
C100276,20,Female,Mumbai,2025-05-12,Premium
C100277,39,Female,Gurugram,2024-10-11,Basic
C100278,23,Female,New Delhi,2025-04-06,Standard
C100279,19,Female,Noida,2024-07-28,Basic
C100280,40,Male,New Delhi,2025-05-11,Premium
C100281,19,Female,Bengaluru,2025-03-14,Basic
C100282,55,Male,Noida,2025-02-10,Premium
C100283,34,Female,Gurugram,2024-12-08,Basic
C100284,52,Male,New Delhi,2025-06-17,Basic
C100285,51,Female,Noida,2024-09-23,Standard
C100286,40,Male,Gurugram,2025-08-19,Basic
C100287,47,Male,Ghaziabad,2025-06-07,Standard
C100288,25,Male,Faridabad,2024-09-27,Basic
C100289,39,Male,Jaipur,2025-05-14,Standard
C100290,53,Female,Mumbai,2025-01-18,Basic
C100291,22,Female,Mumbai,2025-01-26,Basic
C100292,30,Male,Mumbai,2024-09-29,Basic
C100293,46,Male,Gurugram,2025-01-01,Standard
C100294,48,Male,Gurugram,2025-07-15,Basic
C100295,33,Male,New Delhi,2024-08-19,Basic
C100296,59,Male,Bengaluru,2024-07-20,Basic
C100297,47,Female,Chennai,2024-12-23,Basic
C100298,33,Male,Bengaluru,2025-11-13,Standard
C100299,29,Male,Gurugram,2025-10-02,Premium
C100300,34,Male,Mumbai,2025-02-17,Basic
C100301,33,Male,Noida,2024-12-06,Standard
C100302,29,Male,Gurugram,2025-08-12,Standard
C100303,25,Female,Noida,2024-09-18,Basic
C100304,37,Male,Gurugram,2024-10-09,Standard
C100305,20,Male,Faridabad,2025-09-04,Basic
C100306,33,Male,New Delhi,2025-04-29,Standard
C100307,47,Male,Noida,2025-05-07,Basic
C100308,40,Male,Ghaziabad,2025-08-10,Standard
C100309,45,Female,Bengaluru,2025-09-18,Standard
C100310,57,Female,Jaipur,2025-02-15,Basic
C100311,22,Female,Noida,2024-09-05,Basic
C100312,37,Male,Bengaluru,2024-07-26,Premium
C100313,57,Male,Mumbai,2025-03-04,Basic
C100314,18,Male,Gurugram,2025-07-31,Standard
C100315,47,Female,Faridabad,2025-07-08,Premium
C100316,38,Female,New Delhi,2024-06-11,Standard
C100317,37,Male,Gurugram,2025-09-09,Standard
C100318,23,Male,Jaipur,2024-12-17,Standard
C100319,39,Male,Bengaluru,2025-10-05,Premium
C100320,35,Female,Gurugram,2024-09-19,Standard
C100321,25,Female,Bengaluru,2024-09-14,Standard
C100322,56,Male,Bengaluru,2024-07-29,Basic
C100323,49,Male,Mumbai,2025-03-20,Premium
C100324,50,Female,New Delhi,2025-03-30,Standard
C100325,33,Male,Mumbai,2024-09-27,Basic
C100326,29,Male,New Delhi,2024-12-28,Premium
C100327,55,Male,Faridabad,2025-06-28,Standard
C100328,51,Female,Gurugram,2025-01-12,Basic
C100329,31,Male,Gurugram,2025-06-08,Standard
C100330,53,Male,Jaipur,2024-11-19,Basic
C100331,50,Female,Noida,2025-09-03,Premium
C100332,40,Male,New Delhi,2025-07-25,Basic
C100333,19,Male,Gurugram,2024-10-12,Standard
C100334,58,Male,Jaipur,2025-01-15,Standard
C100335,38,Male,Gurugram,2025-02-03,Basic
C100336,19,Female,Bengaluru,2025-10-07,Premium
C100337,44,Male,Gurugram,2024-10-13,Standard
C100338,26,Male,Gurugram,2024-07-17,Basic
C100339,18,Female,New Delhi,2024-06-28,Standard
C100340,28,Female,Noida,2025-07-21,Premium
C100341,20,Female,New Delhi,2025-07-15,Basic
C100342,40,Male,New Delhi,2025-11-06,Basic
C100343,43,Male,Chennai,2025-04-04,Basic
C100344,21,Female,Ghaziabad,2024-09-27,Basic
C100345,35,Male,Gurugram,2025-03-29,Standard
C100346,23,Female,Noida,2025-03-08,Standard
C100347,52,Female,Bengaluru,2025-09-18,Basic
C100348,39,Female,New Delhi,2025-10-23,Basic
C100349,32,Male,Gurugram,2025-08-22,Basic
C100350,39,Male,Lucknow,2025-08-01,Premium
C100351,54,Female,Ghaziabad,2025-10-03,Basic
C100352,59,Male,Faridabad,2024-11-05,Premium
C100353,29,Male,Gurugram,2025-05-21,Standard
C100354,59,Female,Gurugram,2024-10-08,Basic
C100355,55,Female,Ghaziabad,2024-12-25,Premium
C100356,35,Male,Gurugram,2024-07-03,Standard
C100357,52,Male,Noida,2025-09-24,Standard
C100358,47,Male,Faridabad,2024-12-07,Premium
C100359,41,Female,New Delhi,2024-06-11,Basic
C100360,59,Female,Mumbai,2025-07-17,Basic
C100361,47,Male,Bengaluru,2025-06-28,Standard
C100362,31,Male,Jaipur,2025-05-30,Basic
C100363,23,Female,Gurugram,2025-06-17,Basic
C100364,20,Male,Gurugram,2024-11-05,Basic
C100365,33,Male,Noida,2025-03-03,Basic
C100366,24,Female,Gurugram,2025-02-23,Standard
C100367,31,Male,Chennai,2025-02-25,Basic
C100368,26,Female,Gurugram,2024-12-12,Standard
C100369,32,Male,Noida,2024-09-30,Standard
C100370,38,Male,New Delhi,2024-09-14,Basic
C100371,52,Female,Ghaziabad,2025-10-01,Basic
C100372,19,Male,Gurugram,2025-04-02,Standard
C100373,44,Other,Noida,2025-01-19,Basic
C100374,19,Female,New Delhi,2025-09-04,Standard
C100375,52,Male,Bengaluru,2025-03-03,Premium
C100376,35,Male,Gurugram,2024-05-25,Basic
C100377,31,Male,Mumbai,2025-03-11,Standard
C100378,37,Male,Bengaluru,2025-03-24,Standard
C100379,35,Male,New Delhi,2025-06-06,Basic
C100380,27,Male,Bengaluru,2024-09-02,Premium
C100381,42,Male,Gurugram,2025-05-02,Premium
C100382,19,Female,Chennai,2024-11-07,Basic
C100383,42,Female,Faridabad,2025-02-01,Standard
C100384,50,Female,New Delhi,2024-08-02,Premium
C100385,53,Male,New Delhi,2024-10-10,Premium
C100386,48,Male,Gurugram,2024-07-29,Standard
C100387,31,Female,Chennai,2025-04-21,Standard
C100388,18,Male,Gurugram,2025-08-26,Basic
C100389,33,Male,Ghaziabad,2025-07-13,Premium
C100390,20,Female,Noida,2025-03-21,Basic
C100391,52,Female,Mumbai,2024-11-29,Standard
C100392,58,Male,Gurugram,2025-09-22,Basic
C100393,23,Male,Faridabad,2024-06-17,Basic
C100394,42,Female,Noida,2024-06-25,Basic
C100395,30,Female,Jaipur,2024-05-31,Premium
C100396,51,Female,Gurugram,2024-07-06,Basic
C100397,25,Female,Gurugram,2024-05-27,Standard
C100398,38,Female,Gurugram,2024-05-27,Basic
C100399,51,Male,Lucknow,2025-01-07,Basic
C100400,21,Male,Gurugram,2024-05-20,Basic
C100401,42,Female,Faridabad,2025-02-06,Standard
C100402,32,Female,Gurugram,2025-11-07,Basic
C100403,21,Female,Bengaluru,2024-07-09,Basic
C100404,29,Male,Mumbai,2024-05-31,Basic
C100405,49,Male,Noida,2025-03-18,Basic
C100406,49,Female,New Delhi,2025-05-31,Premium
C100407,45,Female,Gurugram,2025-10-03,Premium
C100408,30,Female,Gurugram,2025-04-02,Basic
C100409,48,Female,New Delhi,2024-06-29,Standard
C100410,31,Female,Ghaziabad,2025-03-05,Premium
C100411,37,Female,Faridabad,2024-08-29,Basic
C100412,35,Female,Mumbai,2025-04-13,Standard
C100413,46,Female,New Delhi,2024-12-22,Premium
C100414,23,Female,Jaipur,2025-03-09,Basic
C100415,49,Male,Noida,2024-12-11,Basic
C100416,46,Male,Noida,2025-05-13,Premium
C100417,19,Female,New Delhi,2025-01-13,Standard
C100418,40,Male,Noida,2025-04-26,Basic
C100419,36,Male,Noida,2024-05-24,Basic
C100420,48,Male,Jaipur,2025-01-28,Basic
C100421,22,Male,Mumbai,2025-08-29,Standard
C100422,36,Male,New Delhi,2025-05-19,Standard
C100423,51,Male,Gurugram,2025-06-08,Premium
C100424,27,Female,Noida,2025-05-07,Basic
C100425,42,Male,Faridabad,2024-06-27,Standard
C100426,19,Male,Gurugram,2024-06-22,Standard
C100427,28,Male,Lucknow,2025-10-21,Basic
C100428,48,Female,Chennai,2025-09-19,Basic
C100429,32,Male,Mumbai,2025-06-30,Premium
C100430,26,Female,Gurugram,2025-02-02,Premium
C100431,40,Female,Bengaluru,2024-07-31,Standard
C100432,36,Female,Jaipur,2025-09-12,Standard
C100433,26,Male,Noida,2024-06-04,Basic
C100434,52,Female,Faridabad,2024-07-01,Standard
C100435,38,Male,Bengaluru,2025-09-14,Standard
C100436,26,Female,Noida,2025-09-04,Standard
C100437,45,Female,New Delhi,2024-10-03,Premium
C100438,24,Male,Noida,2025-06-13,Standard
C100439,33,Male,Faridabad,2025-04-04,Basic
C100440,33,Male,Gurugram,2025-07-14,Standard
C100441,50,Female,Mumbai,2024-07-08,Basic
C100442,21,Male,Jaipur,2024-09-30,Basic
C100443,21,Female,Ghaziabad,2024-07-29,Basic
C100444,56,Male,Gurugram,2025-08-08,Basic
C100445,57,Female,Ghaziabad,2024-05-28,Standard
C100446,34,Female,Gurugram,2025-01-15,Standard
C100447,54,Female,Gurugram,2024-05-31,Standard
C100448,56,Female,Faridabad,2025-02-12,Standard
C100449,46,Male,Noida,2024-09-13,Basic
C100450,53,Male,Faridabad,2024-05-25,Standard
C100451,55,Female,Gurugram,2025-11-16,Basic
C100452,56,Male,Noida,2024-12-01,Basic
C100453,54,Male,Gurugram,2024-08-14,Standard
C100454,52,Male,Chennai,2024-07-11,Basic
C100455,24,Male,Faridabad,2024-11-10,Basic
C100456,44,Male,Jaipur,2024-07-01,Standard
C100457,45,Female,New Delhi,2025-05-26,Standard
C100458,39,Male,Gurugram,2024-09-13,Basic
C100459,31,Female,Chennai,2024-06-30,Premium
C100460,24,Male,New Delhi,2024-11-11,Standard
C100461,54,Female,Noida,2024-09-15,Premium
C100462,39,Male,Ghaziabad,2025-06-13,Basic
C100463,22,Female,Gurugram,2025-11-06,Standard
C100464,19,Female,Bengaluru,2025-04-17,Premium
C100465,44,Male,Faridabad,2024-06-08,Standard
C100466,38,Female,New Delhi,2025-09-02,Standard
C100467,55,Other,Gurugram,2025-11-05,Basic
C100468,32,Female,Gurugram,2024-06-14,Basic
C100469,38,Female,Bengaluru,2024-11-07,Standard
C100470,27,Male,Jaipur,2025-02-13,Basic
C100471,40,Female,Gurugram,2024-08-03,Premium
C100472,56,Male,Gurugram,2024-12-08,Basic
C100473,22,Male,Jaipur,2025-05-14,Premium
C100474,18,Other,Faridabad,2025-09-30,Premium
C100475,30,Male,Noida,2025-01-09,Basic
C100476,38,Female,New Delhi,2024-09-23,Basic
C100477,43,Female,Gurugram,2024-07-24,Premium
C100478,38,Female,Jaipur,2025-08-17,Premium
C100479,35,Other,Chennai,2025-06-15,Basic
C100480,54,Male,Gurugram,2024-07-17,Basic
C100481,49,Male,Faridabad,2025-04-06,Standard
C100482,53,Male,Noida,2025-10-03,Standard
C100483,34,Male,Noida,2025-11-12,Basic
C100484,52,Male,New Delhi,2024-07-01,Standard
C100485,28,Male,Bengaluru,2024-10-22,Basic
C100486,38,Female,Noida,2024-07-10,Basic
C100487,43,Female,Faridabad,2025-06-27,Basic
C100488,21,Male,New Delhi,2024-09-17,Basic
C100489,51,Female,Gurugram,2025-04-16,Basic
C100490,35,Male,Gurugram,2025-04-06,Standard
C100491,57,Male,Jaipur,2025-06-24,Basic
C100492,52,Female,Gurugram,2025-04-02,Basic
C100493,58,Female,Jaipur,2024-08-16,Basic
C100494,46,Female,New Delhi,2025-04-20,Premium
C100495,46,Male,Noida,2025-11-11,Basic
C100496,55,Female,Noida,2025-06-12,Basic
C100497,59,Female,New Delhi,2025-06-03,Standard
C100498,38,Female,Gurugram,2024-10-02,Premium
C100499,59,Female,New Delhi,2024-12-08,Basic
C100500,30,Female,Jaipur,2025-02-06,Standard
C100501,58,Female,Jaipur,2025-11-10,Standard
C100502,34,Female,New Delhi,2024-09-28,Standard
C100503,26,Other,Noida,2024-11-09,Basic
C100504,58,Female,Gurugram,2025-01-29,Standard
C100505,18,Male,Gurugram,2025-06-28,Basic
C100506,19,Female,Gurugram,2024-12-02,Standard
C100507,46,Male,Bengaluru,2024-07-05,Standard
C100508,50,Male,Gurugram,2025-06-17,Basic
C100509,27,Female,Gurugram,2025-06-24,Standard
C100510,57,Female,New Delhi,2025-11-10,Basic
C100511,38,Female,Gurugram,2024-11-12,Standard
C100512,45,Male,Ghaziabad,2025-07-05,Standard
C100513,28,Male,Gurugram,2025-07-07,Basic
C100514,51,Male,Gurugram,2025-04-25,Basic
C100515,25,Other,Ghaziabad,2025-05-03,Premium
C100516,39,Other,New Delhi,2024-09-08,Basic
C100517,25,Female,Jaipur,2024-09-25,Basic
C100518,32,Female,Faridabad,2025-06-06,Basic
C100519,34,Female,New Delhi,2024-06-22,Standard
C100520,40,Female,Ghaziabad,2025-08-03,Standard
C100521,41,Male,Gurugram,2025-07-12,Basic
C100522,36,Male,Faridabad,2025-07-25,Basic
C100523,22,Female,Noida,2025-04-06,Basic
C100524,49,Female,New Delhi,2025-10-18,Basic
C100525,18,Male,Ghaziabad,2024-07-14,Basic
C100526,40,Female,Bengaluru,2025-09-15,Standard
C100527,54,Male,Chennai,2025-06-03,Basic
C100528,25,Male,Ghaziabad,2024-08-25,Basic
C100529,30,Female,Noida,2025-11-02,Basic
C100530,25,Female,Gurugram,2024-06-18,Premium
C100531,40,Female,New Delhi,2025-07-30,Premium
C100532,18,Male,Noida,2025-02-11,Standard
C100533,41,Male,New Delhi,2025-08-21,Basic
C100534,52,Female,Mumbai,2025-01-02,Basic
C100535,41,Female,New Delhi,2024-12-01,Basic
C100536,34,Male,New Delhi,2024-09-19,Basic
C100537,22,Female,New Delhi,2025-06-18,Standard
C100538,37,Male,Bengaluru,2024-06-23,Standard
C100539,38,Female,Ghaziabad,2025-04-12,Premium
C100540,57,Female,Ghaziabad,2024-06-27,Standard
C100541,48,Male,New Delhi,2024-07-13,Basic
C100542,53,Male,Bengaluru,2025-02-20,Standard
C100543,28,Female,Gurugram,2024-08-06,Basic
C100544,32,Female,Bengaluru,2024-06-19,Basic
C100545,36,Female,Noida,2025-03-14,Standard
C100546,24,Female,New Delhi,2025-09-26,Basic
C100547,45,Female,Noida,2025-03-20,Basic
C100548,22,Female,Jaipur,2025-04-01,Basic
C100549,22,Male,Gurugram,2024-09-30,Standard
C100550,47,Male,Bengaluru,2024-05-20,Standard
C100551,49,Male,Noida,2025-11-06,Basic
C100552,25,Male,New Delhi,2024-09-16,Standard
C100553,27,Female,Gurugram,2025-06-08,Basic
C100554,55,Male,Noida,2025-08-04,Basic
C100555,49,Female,Noida,2024-12-15,Standard
C100556,45,Female,Noida,2025-05-08,Standard
C100557,34,Female,Jaipur,2025-06-19,Premium
C100558,48,Male,Noida,2024-07-01,Basic
C100559,25,Male,Chennai,2025-02-18,Standard
C100560,57,Male,Faridabad,2024-12-31,Standard
C100561,42,Male,Bengaluru,2024-11-27,Premium
C100562,26,Male,Gurugram,2025-08-28,Basic
C100563,19,Female,New Delhi,2024-10-02,Standard
C100564,32,Female,New Delhi,2024-10-19,Standard
C100565,20,Female,Faridabad,2025-02-04,Basic
C100566,53,Female,Bengaluru,2025-05-29,Standard
C100567,21,Male,Gurugram,2024-06-26,Basic
C100568,31,Female,Gurugram,2025-01-17,Standard
C100569,58,Female,Bengaluru,2025-03-25,Premium
C100570,58,Male,Gurugram,2025-04-13,Standard
C100571,42,Female,Jaipur,2025-11-09,Standard
C100572,27,Male,Faridabad,2025-02-12,Standard
C100573,38,Female,Bengaluru,2024-11-04,Basic
C100574,53,Other,Gurugram,2025-04-23,Basic
C100575,29,Male,Gurugram,2024-11-18,Standard
C100576,44,Female,Faridabad,2025-01-17,Basic
C100577,57,Female,Mumbai,2025-11-14,Basic
C100578,19,Female,Noida,2025-07-23,Standard
C100579,30,Male,New Delhi,2025-04-24,Basic
C100580,49,Female,Ghaziabad,2025-01-30,Basic
C100581,48,Male,Mumbai,2025-11-14,Standard
C100582,33,Male,Bengaluru,2025-07-25,Basic
C100583,49,Male,Chennai,2024-06-15,Premium
C100584,49,Female,Gurugram,2025-04-23,Premium
C100585,51,Female,Gurugram,2024-06-20,Standard
C100586,28,Female,Ghaziabad,2025-09-08,Basic
C100587,27,Female,Bengaluru,2024-09-14,Standard
C100588,32,Male,New Delhi,2025-07-25,Standard
C100589,34,Male,Gurugram,2025-10-14,Standard
C100590,57,Male,Bengaluru,2024-05-21,Basic
C100591,35,Male,Gurugram,2025-07-09,Standard
C100592,26,Male,New Delhi,2024-12-08,Standard
C100593,42,Male,Noida,2025-08-12,Standard
C100594,57,Male,Faridabad,2025-09-30,Standard
C100595,31,Male,Jaipur,2025-02-16,Standard
C100596,42,Male,New Delhi,2025-11-01,Standard
C100597,39,Male,Ghaziabad,2024-09-28,Basic
C100598,47,Female,Faridabad,2025-08-09,Standard
C100599,37,Female,Faridabad,2024-12-05,Basic
C100600,38,Female,Ghaziabad,2024-09-28,Basic
C100601,49,Male,New Delhi,2025-05-10,Basic
C100602,38,Male,Gurugram,2024-10-01,Standard
C100603,52,Female,Gurugram,2025-06-05,Basic
C100604,49,Male,Gurugram,2024-09-14,Standard
C100605,47,Male,Noida,2024-06-14,Standard
C100606,56,Male,Bengaluru,2025-08-01,Basic
C100607,29,Male,Jaipur,2025-08-02,Basic
C100608,58,Male,Bengaluru,2025-05-27,Basic
C100609,35,Male,New Delhi,2025-05-20,Premium
C100610,38,Female,Noida,2025-10-16,Standard
C100611,30,Male,New Delhi,2025-03-12,Standard
C100612,38,Male,Gurugram,2024-12-15,Basic
C100613,25,Female,Gurugram,2024-11-25,Standard
C100614,57,Male,Faridabad,2025-10-11,Premium
C100615,24,Male,Chennai,2025-03-15,Standard
C100616,40,Female,Gurugram,2025-08-27,Standard
C100617,49,Male,Gurugram,2024-07-21,Basic
C100618,28,Male,Lucknow,2024-10-21,Basic
C100619,39,Male,New Delhi,2025-03-12,Basic
C100620,39,Male,Bengaluru,2024-10-26,Basic
C100621,42,Female,Jaipur,2025-04-18,Basic
C100622,39,Female,Mumbai,2024-09-09,Basic
C100623,45,Male,Noida,2024-10-24,Basic
C100624,46,Female,Jaipur,2024-11-22,Premium
C100625,30,Male,Noida,2025-02-09,Standard
C100626,35,Male,Ghaziabad,2024-06-03,Standard
C100627,19,Female,Noida,2024-09-11,Standard
C100628,46,Male,Gurugram,2025-09-16,Basic
C100629,38,Male,Noida,2024-07-30,Standard
C100630,32,Male,Faridabad,2024-08-08,Basic
C100631,44,Male,Bengaluru,2024-11-03,Standard
C100632,48,Male,Lucknow,2025-04-06,Basic
C100633,32,Female,Jaipur,2024-07-21,Premium
C100634,40,Male,Gurugram,2025-01-25,Basic
C100635,41,Male,Jaipur,2025-02-10,Basic
C100636,30,Male,Noida,2024-10-15,Premium
C100637,39,Female,Bengaluru,2024-08-24,Basic
C100638,54,Female,Mumbai,2024-09-13,Standard
C100639,50,Female,Gurugram,2024-05-24,Standard
C100640,20,Female,Bengaluru,2024-09-02,Standard
C100641,36,Female,Gurugram,2024-08-18,Premium
C100642,40,Male,New Delhi,2025-07-03,Premium
C100643,46,Male,Faridabad,2024-11-18,Basic
C100644,47,Female,Gurugram,2025-08-08,Standard
C100645,56,Other,Lucknow,2025-08-31,Standard
C100646,42,Female,Gurugram,2025-04-12,Standard
C100647,54,Male,Gurugram,2025-08-31,Basic
C100648,25,Male,Faridabad,2024-08-05,Standard
C100649,59,Male,Jaipur,2025-06-28,Premium
C100650,33,Female,Mumbai,2025-10-13,Premium
C100651,25,Male,Jaipur,2025-07-20,Basic
C100652,18,Male,Jaipur,2025-09-20,Basic
C100653,22,Female,New Delhi,2025-08-18,Basic
C100654,20,Male,Gurugram,2025-02-04,Standard
C100655,18,Female,Gurugram,2024-10-22,Standard
C100656,21,Male,Faridabad,2025-08-12,Standard
C100657,57,Male,Jaipur,2025-09-08,Basic
C100658,52,Male,Noida,2025-08-08,Basic
C100659,49,Female,Lucknow,2024-12-27,Standard
C100660,59,Male,Faridabad,2025-01-11,Premium
C100661,51,Male,Gurugram,2025-08-21,Standard
C100662,42,Female,Gurugram,2025-01-15,Basic
C100663,27,Male,Bengaluru,2025-10-03,Standard
C100664,38,Female,Jaipur,2025-02-03,Basic
C100665,56,Female,Bengaluru,2025-08-17,Premium
C100666,44,Male,Gurugram,2024-07-14,Basic
C100667,44,Female,Chennai,2025-08-16,Standard
C100668,19,Male,Gurugram,2025-10-07,Basic
C100669,58,Female,Gurugram,2024-06-14,Standard
C100670,30,Male,Chennai,2024-10-04,Standard
C100671,26,Female,New Delhi,2025-07-20,Standard
C100672,53,Male,Jaipur,2024-10-15,Basic
C100673,39,Female,Gurugram,2025-05-01,Basic
C100674,59,Male,Faridabad,2025-06-16,Basic
C100675,43,Male,Mumbai,2024-06-15,Standard
C100676,29,Male,New Delhi,2025-05-25,Basic
C100677,34,Male,Jaipur,2025-09-26,Standard
C100678,31,Female,Gurugram,2024-12-24,Premium
C100679,31,Male,Ghaziabad,2025-07-03,Premium
C100680,51,Female,New Delhi,2024-07-28,Basic
C100681,37,Female,Gurugram,2024-09-23,Standard
C100682,28,Female,New Delhi,2025-08-31,Basic
C100683,33,Male,Gurugram,2025-03-23,Standard
C100684,48,Male,Mumbai,2025-08-19,Standard
C100685,23,Female,New Delhi,2025-10-25,Basic
C100686,36,Male,Gurugram,2024-10-01,Basic
C100687,54,Male,Noida,2025-08-10,Standard
C100688,21,Female,New Delhi,2025-02-20,Premium
C100689,21,Female,Lucknow,2025-11-16,Basic
C100690,37,Female,Chennai,2024-11-29,Standard
C100691,27,Male,Noida,2024-09-22,Basic
C100692,41,Female,Bengaluru,2025-11-05,Basic
C100693,52,Male,Faridabad,2025-05-29,Premium
C100694,43,Male,Gurugram,2024-06-19,Standard
C100695,54,Female,Jaipur,2025-03-24,Standard
C100696,55,Male,Noida,2025-10-27,Basic
C100697,38,Male,Ghaziabad,2025-09-08,Standard
C100698,57,Male,Bengaluru,2025-10-30,Basic
C100699,56,Female,Noida,2025-02-18,Basic
C100700,38,Female,Mumbai,2024-06-04,Standard
C100701,27,Female,Lucknow,2024-07-06,Basic
C100702,55,Female,Noida,2025-02-24,Standard
C100703,21,Male,Ghaziabad,2025-09-26,Standard
C100704,37,Male,New Delhi,2024-08-18,Basic
C100705,34,Male,Chennai,2024-05-25,Basic
C100706,24,Male,Jaipur,2025-10-31,Basic
C100707,21,Male,Gurugram,2024-07-11,Basic
C100708,46,Female,New Delhi,2025-01-15,Standard
C100709,31,Male,Ghaziabad,2025-01-20,Standard
C100710,20,Male,Gurugram,2024-07-22,Basic
C100711,41,Male,Gurugram,2025-08-11,Basic
C100712,54,Male,Noida,2025-02-08,Standard
C100713,33,Female,New Delhi,2025-04-01,Standard
C100714,21,Male,Noida,2025-06-30,Basic
C100715,41,Male,New Delhi,2025-01-07,Basic
C100716,51,Female,Gurugram,2025-09-30,Standard
C100717,47,Male,Jaipur,2024-10-17,Basic
C100718,35,Male,Noida,2025-10-17,Basic
C100719,36,Male,Gurugram,2025-04-30,Standard
C100720,48,Female,New Delhi,2024-10-17,Standard
C100721,36,Other,Faridabad,2024-12-06,Standard
C100722,36,Female,Gurugram,2025-01-04,Standard
C100723,39,Male,Gurugram,2025-11-10,Standard
C100724,41,Female,Gurugram,2024-08-10,Basic
C100725,29,Male,Bengaluru,2025-04-17,Basic
C100726,47,Male,Lucknow,2025-01-08,Basic
C100727,55,Male,Lucknow,2025-07-20,Basic
C100728,48,Male,Jaipur,2025-11-04,Standard
C100729,53,Male,Jaipur,2025-01-23,Premium
C100730,36,Female,Noida,2024-07-31,Premium
C100731,53,Female,Ghaziabad,2024-10-10,Standard
C100732,47,Male,Gurugram,2024-07-03,Basic
C100733,50,Male,Ghaziabad,2025-09-18,Basic
C100734,35,Male,Lucknow,2024-08-13,Standard
C100735,45,Male,Noida,2024-06-07,Standard
C100736,28,Female,New Delhi,2025-03-08,Standard
C100737,50,Male,New Delhi,2024-09-14,Standard
C100738,34,Female,Ghaziabad,2024-07-16,Standard
C100739,23,Male,Jaipur,2024-07-10,Standard
C100740,21,Male,Bengaluru,2025-04-11,Basic
C100741,37,Male,New Delhi,2025-10-08,Standard
C100742,44,Male,Lucknow,2024-07-08,Premium
C100743,32,Male,Faridabad,2025-02-20,Basic
C100744,23,Female,Bengaluru,2025-07-19,Standard
C100745,31,Male,Faridabad,2025-08-02,Basic
C100746,28,Female,Noida,2025-06-10,Premium
C100747,56,Male,Faridabad,2025-09-03,Basic
C100748,26,Male,Lucknow,2025-02-09,Standard
C100749,43,Male,Chennai,2024-12-14,Basic
C100750,33,Female,Gurugram,2024-06-08,Standard
C100751,22,Male,Gurugram,2024-10-20,Basic
C100752,27,Female,Mumbai,2025-04-28,Basic
C100753,20,Male,Faridabad,2025-07-18,Standard
C100754,30,Female,Ghaziabad,2025-05-03,Premium
C100755,47,Male,Noida,2024-11-02,Basic
C100756,23,Female,Gurugram,2025-05-20,Basic
C100757,34,Female,Lucknow,2025-05-15,Standard
C100758,36,Female,Lucknow,2025-05-06,Standard
C100759,59,Male,New Delhi,2025-03-08,Premium
C100760,52,Male,New Delhi,2024-10-08,Basic
C100761,43,Male,Bengaluru,2025-04-18,Standard
C100762,22,Female,Gurugram,2024-08-22,Basic
C100763,46,Male,Bengaluru,2024-12-12,Basic
C100764,54,Female,New Delhi,2024-07-30,Standard
C100765,37,Male,Faridabad,2024-07-04,Standard
C100766,38,Male,Mumbai,2025-08-15,Standard
C100767,27,Male,Jaipur,2024-12-09,Basic
C100768,22,Female,Noida,2025-09-23,Basic
C100769,53,Female,Jaipur,2024-10-26,Basic
C100770,23,Female,New Delhi,2025-05-02,Premium
C100771,43,Male,New Delhi,2025-07-28,Basic
C100772,21,Female,Chennai,2024-05-20,Basic
C100773,56,Female,Lucknow,2024-10-17,Basic
C100774,56,Male,Ghaziabad,2024-12-13,Standard
C100775,52,Female,New Delhi,2025-04-10,Basic
C100776,18,Female,Gurugram,2025-01-07,Premium
C100777,41,Female,Gurugram,2025-05-25,Basic
C100778,53,Female,Faridabad,2025-04-17,Premium
C100779,23,Male,Lucknow,2024-10-27,Basic
C100780,58,Male,Faridabad,2024-12-31,Standard
C100781,48,Female,Bengaluru,2025-11-12,Premium
C100782,37,Male,Gurugram,2025-07-12,Basic
C100783,41,Female,New Delhi,2024-11-28,Premium
C100784,42,Female,Gurugram,2025-01-24,Standard
C100785,53,Female,Noida,2025-10-12,Premium
C100786,38,Other,Gurugram,2024-08-09,Standard
C100787,47,Male,Mumbai,2025-10-26,Basic
C100788,41,Male,Gurugram,2025-08-10,Basic
C100789,59,Male,Mumbai,2025-01-29,Basic
C100790,47,Male,Noida,2024-11-05,Basic
C100791,39,Male,Chennai,2025-11-14,Basic
C100792,45,Male,Faridabad,2024-07-05,Basic
C100793,24,Female,Mumbai,2025-06-29,Basic
C100794,52,Female,Gurugram,2025-09-20,Standard
C100795,45,Male,Lucknow,2025-06-15,Basic
C100796,31,Male,Mumbai,2025-04-24,Basic
C100797,27,Female,Gurugram,2024-08-07,Standard
C100798,33,Male,Gurugram,2025-06-18,Basic
C100799,33,Male,Noida,2025-06-03,Basic
C100800,48,Male,Mumbai,2024-12-29,Basic
C100801,59,Female,Faridabad,2024-06-16,Premium
C100802,42,Male,Faridabad,2024-09-15,Standard
C100803,30,Female,Gurugram,2024-12-15,Basic
C100804,23,Male,Gurugram,2025-03-09,Standard
C100805,26,Male,Bengaluru,2024-07-12,Standard
C100806,53,Male,Gurugram,2025-06-20,Standard
C100807,37,Male,Ghaziabad,2024-10-15,Standard
C100808,35,Female,Mumbai,2025-10-05,Standard
C100809,38,Female,Gurugram,2025-04-05,Basic
C100810,21,Female,Jaipur,2025-03-24,Basic
C100811,50,Female,Gurugram,2025-01-08,Standard
C100812,44,Female,Ghaziabad,2025-06-08,Premium
C100813,24,Female,Gurugram,2024-10-30,Standard
C100814,23,Female,Lucknow,2025-07-03,Standard
C100815,32,Male,New Delhi,2024-11-21,Premium
C100816,35,Male,Noida,2025-03-14,Basic
C100817,49,Male,Faridabad,2025-07-03,Standard
C100818,28,Female,Gurugram,2024-11-17,Standard
C100819,37,Male,Lucknow,2024-06-19,Premium
C100820,41,Male,New Delhi,2025-03-14,Premium
C100821,32,Female,Jaipur,2025-07-11,Standard
C100822,24,Female,Gurugram,2024-08-03,Basic
C100823,38,Female,Jaipur,2025-03-02,Standard
C100824,59,Male,Gurugram,2025-03-14,Basic
C100825,43,Female,Noida,2024-11-28,Standard
C100826,31,Male,Gurugram,2025-05-02,Premium
C100827,54,Male,Lucknow,2024-10-17,Basic
C100828,38,Male,New Delhi,2025-04-14,Standard
C100829,35,Male,Bengaluru,2025-09-12,Basic
C100830,22,Male,Bengaluru,2025-10-06,Basic
C100831,20,Female,Gurugram,2024-05-31,Basic
C100832,40,Male,Ghaziabad,2025-06-30,Standard
C100833,43,Female,Gurugram,2025-09-28,Premium
C100834,54,Male,New Delhi,2025-08-09,Premium
C100835,41,Male,Jaipur,2024-08-22,Basic
C100836,36,Male,Ghaziabad,2025-02-12,Premium
C100837,42,Male,Ghaziabad,2025-03-21,Standard
C100838,38,Female,New Delhi,2025-02-02,Basic
C100839,29,Male,New Delhi,2024-12-22,Basic
C100840,58,Male,Gurugram,2024-06-10,Basic
C100841,50,Male,Jaipur,2025-06-30,Premium
C100842,21,Male,Noida,2025-01-12,Standard
C100843,59,Female,Jaipur,2025-01-27,Standard
C100844,24,Male,Gurugram,2025-09-09,Basic
C100845,39,Female,New Delhi,2025-08-24,Standard
C100846,50,Female,New Delhi,2024-07-24,Basic
C100847,34,Female,Gurugram,2024-11-27,Basic
C100848,41,Female,New Delhi,2025-01-29,Standard
C100849,51,Female,Bengaluru,2024-06-16,Basic
C100850,45,Female,Bengaluru,2025-10-27,Standard
C100851,58,Female,Noida,2024-08-18,Basic
C100852,56,Male,Noida,2024-10-24,Standard
C100853,39,Male,Gurugram,2025-06-03,Basic
C100854,34,Male,Bengaluru,2024-10-26,Standard
C100855,51,Female,Gurugram,2024-11-14,Basic
C100856,23,Female,Mumbai,2025-01-17,Basic
C100857,23,Male,Noida,2024-11-21,Premium
C100858,51,Female,New Delhi,2024-11-05,Basic
C100859,18,Male,Mumbai,2024-08-25,Standard
C100860,27,Male,Gurugram,2024-10-10,Premium
C100861,38,Other,Faridabad,2025-08-14,Basic
C100862,22,Male,Faridabad,2025-06-24,Basic
C100863,19,Male,Gurugram,2024-09-22,Standard
C100864,39,Female,Noida,2024-10-10,Premium
C100865,19,Female,Ghaziabad,2024-06-02,Premium
C100866,27,Male,Jaipur,2024-11-16,Standard
C100867,51,Female,Gurugram,2024-06-24,Standard
C100868,33,Male,Mumbai,2024-09-10,Basic
C100869,56,Male,Gurugram,2024-09-25,Premium
C100870,39,Male,Gurugram,2025-08-06,Premium
C100871,29,Female,New Delhi,2025-08-26,Basic
C100872,41,Male,Gurugram,2025-04-02,Basic
C100873,57,Female,Gurugram,2024-11-10,Basic
C100874,55,Female,Chennai,2024-08-21,Basic
C100875,27,Other,New Delhi,2025-03-24,Standard
C100876,52,Male,Gurugram,2025-02-08,Basic
C100877,49,Female,Gurugram,2024-09-04,Basic
C100878,24,Male,Jaipur,2024-05-26,Basic
C100879,38,Male,Bengaluru,2024-08-14,Premium
C100880,37,Male,New Delhi,2025-08-03,Standard
C100881,43,Male,Gurugram,2025-09-26,Basic
C100882,21,Female,Gurugram,2025-09-05,Basic
C100883,39,Male,Gurugram,2024-05-20,Premium
C100884,32,Male,Gurugram,2025-08-30,Standard
C100885,57,Female,Noida,2024-08-15,Basic
C100886,38,Male,Gurugram,2025-02-13,Basic
C100887,32,Female,Noida,2025-05-08,Basic
C100888,39,Male,New Delhi,2024-09-17,Basic
C100889,45,Female,Mumbai,2025-06-26,Standard
C100890,31,Female,Mumbai,2025-10-09,Premium
C100891,44,Male,Faridabad,2025-01-02,Standard
C100892,58,Male,New Delhi,2024-06-22,Standard
C100893,57,Male,New Delhi,2024-07-01,Basic
C100894,45,Female,Noida,2025-06-13,Standard
C100895,43,Male,Jaipur,2025-09-24,Standard
C100896,19,Male,Noida,2025-10-18,Basic
C100897,42,Male,Bengaluru,2024-07-26,Basic
C100898,20,Male,Mumbai,2025-04-09,Standard
C100899,25,Male,New Delhi,2025-06-25,Basic
C100900,50,Female,Faridabad,2024-11-15,Basic
C100901,59,Male,Gurugram,2024-10-17,Standard
C100902,52,Male,Gurugram,2024-09-10,Premium
C100903,23,Female,Noida,2025-10-18,Standard
C100904,56,Female,Gurugram,2024-12-26,Standard
C100905,40,Male,Bengaluru,2024-07-31,Basic
C100906,42,Male,Gurugram,2025-09-07,Standard
C100907,36,Male,Noida,2025-07-07,Standard
C100908,22,Female,Ghaziabad,2024-12-08,Premium
C100909,28,Male,Jaipur,2025-10-17,Basic
C100910,29,Female,New Delhi,2025-02-02,Standard
C100911,27,Female,Bengaluru,2025-05-13,Standard
C100912,25,Male,Faridabad,2025-06-17,Basic
C100913,41,Male,Noida,2025-07-01,Basic
C100914,45,Male,Gurugram,2025-11-08,Basic
C100915,58,Male,Noida,2025-07-30,Basic
C100916,53,Male,Bengaluru,2025-03-17,Premium
C100917,54,Female,Ghaziabad,2025-03-06,Basic
C100918,38,Female,Bengaluru,2024-09-18,Basic
C100919,25,Female,Noida,2025-07-26,Standard
C100920,26,Female,Gurugram,2025-11-10,Basic
C100921,32,Male,Gurugram,2025-07-11,Standard
C100922,57,Male,New Delhi,2025-09-17,Basic
C100923,35,Male,Jaipur,2024-08-24,Premium
C100924,59,Female,Bengaluru,2024-09-24,Premium
C100925,37,Female,New Delhi,2024-11-23,Premium
C100926,23,Female,Noida,2024-09-22,Basic
C100927,29,Male,Noida,2025-08-25,Standard
C100928,19,Male,Noida,2024-11-19,Basic
C100929,24,Female,Gurugram,2025-08-11,Basic
C100930,33,Male,Gurugram,2025-02-06,Basic
C100931,20,Female,Gurugram,2025-07-05,Standard
C100932,20,Female,Gurugram,2025-09-27,Standard
C100933,44,Female,Gurugram,2024-09-02,Standard
C100934,57,Male,Gurugram,2024-09-07,Basic
C100935,55,Male,Ghaziabad,2024-10-08,Basic
C100936,50,Male,New Delhi,2025-05-29,Standard
C100937,45,Male,Chennai,2025-06-22,Basic
C100938,18,Male,Gurugram,2025-04-11,Standard
C100939,25,Female,New Delhi,2025-03-12,Basic
C100940,54,Female,New Delhi,2024-11-06,Standard
C100941,49,Male,Gurugram,2024-12-25,Standard
C100942,54,Male,Bengaluru,2025-05-05,Basic
C100943,21,Male,Gurugram,2025-09-16,Basic
C100944,47,Male,Mumbai,2024-11-26,Standard
C100945,23,Female,Bengaluru,2025-08-09,Standard
C100946,36,Male,Faridabad,2024-08-01,Basic
C100947,49,Male,Faridabad,2025-07-29,Basic
C100948,26,Male,Ghaziabad,2025-03-20,Premium
C100949,29,Female,New Delhi,2024-09-01,Standard
C100950,28,Female,Ghaziabad,2025-01-11,Basic
C100951,33,Male,Gurugram,2025-08-04,Standard
C100952,18,Male,Gurugram,2024-09-26,Basic
C100953,38,Female,Noida,2024-12-11,Standard
C100954,47,Female,Faridabad,2025-09-01,Basic
C100955,30,Male,Bengaluru,2024-09-28,Premium
C100956,51,Female,Gurugram,2025-03-13,Standard
C100957,21,Female,Bengaluru,2025-05-13,Standard
C100958,45,Female,Gurugram,2024-06-24,Standard
C100959,55,Female,New Delhi,2025-03-20,Premium
C100960,48,Female,New Delhi,2025-02-06,Standard
C100961,44,Male,Noida,2025-01-01,Standard
C100962,22,Female,Gurugram,2025-03-29,Standard
C100963,42,Male,Noida,2025-06-16,Standard
C100964,20,Female,Bengaluru,2025-04-01,Standard
C100965,50,Male,Noida,2024-12-11,Basic
C100966,21,Female,Noida,2025-07-09,Standard
C100967,42,Female,Bengaluru,2025-05-27,Basic
C100968,37,Male,Jaipur,2025-09-23,Premium
C100969,51,Female,Noida,2024-11-23,Basic
C100970,43,Male,New Delhi,2025-08-15,Premium
C100971,22,Female,Bengaluru,2025-06-14,Standard
C100972,52,Male,Faridabad,2025-10-21,Standard
C100973,45,Male,Gurugram,2024-11-27,Standard
C100974,46,Female,New Delhi,2024-08-24,Basic
C100975,26,Male,Bengaluru,2025-06-12,Basic
C100976,55,Female,Gurugram,2024-11-12,Basic
C100977,23,Male,Chennai,2025-06-01,Standard
C100978,36,Male,Gurugram,2024-08-20,Basic
C100979,28,Male,Bengaluru,2025-06-22,Standard
C100980,19,Female,New Delhi,2025-02-15,Basic
C100981,26,Male,Noida,2024-12-09,Basic
C100982,38,Male,Bengaluru,2024-07-20,Basic
C100983,41,Male,Noida,2024-09-03,Premium
C100984,51,Male,Faridabad,2025-05-21,Standard
C100985,39,Female,Gurugram,2025-08-18,Basic
C100986,20,Female,Gurugram,2024-10-21,Standard
C100987,29,Male,Gurugram,2025-03-18,Basic
C100988,45,Female,Jaipur,2025-10-05,Premium
C100989,47,Male,Gurugram,2025-06-28,Standard
C100990,43,Female,Gurugram,2024-07-25,Basic
C100991,38,Female,Noida,2024-05-26,Standard
C100992,45,Female,Ghaziabad,2025-01-20,Basic
C100993,43,Male,Jaipur,2025-09-21,Premium
C100994,50,Female,Gurugram,2025-07-15,Basic
C100995,38,Male,Gurugram,2024-07-15,Standard
C100996,52,Other,Mumbai,2025-08-30,Basic
C100997,51,Male,New Delhi,2024-08-13,Standard
C100998,58,Female,Bengaluru,2024-07-01,Standard
C100999,35,Female,Bengaluru,2024-08-29,Standard
C101000,28,Female,Lucknow,2025-02-21,Standard
C101001,40,Male,Gurugram,2025-09-21,Premium
C101002,39,Female,Bengaluru,2025-09-15,Basic
C101003,34,Male,Lucknow,2025-01-05,Basic
C101004,22,Female,Faridabad,2025-09-10,Basic
C101005,28,Male,New Delhi,2024-10-01,Premium
C101006,47,Male,New Delhi,2025-10-09,Basic
C101007,32,Male,Gurugram,2025-05-18,Standard
C101008,44,Male,Noida,2024-08-21,Standard
C101009,52,Male,Faridabad,2024-12-25,Basic
C101010,50,Male,New Delhi,2024-10-06,Basic
C101011,37,Male,Noida,2025-02-21,Basic
C101012,33,Female,New Delhi,2025-01-28,Basic
C101013,51,Female,Ghaziabad,2025-06-03,Basic
C101014,19,Male,Mumbai,2025-05-01,Basic
C101015,52,Male,Gurugram,2024-09-20,Premium
C101016,57,Male,New Delhi,2024-09-09,Premium
C101017,45,Male,Gurugram,2025-04-10,Basic
C101018,56,Female,Ghaziabad,2024-06-30,Basic
C101019,23,Female,Jaipur,2024-08-20,Basic
C101020,26,Male,Mumbai,2025-08-27,Standard
C101021,37,Male,New Delhi,2024-12-15,Standard
C101022,18,Male,Mumbai,2024-12-04,Basic
C101023,25,Female,Gurugram,2025-01-01,Basic
C101024,40,Female,Ghaziabad,2025-04-19,Standard
C101025,20,Male,Gurugram,2024-10-08,Standard
C101026,21,Male,Bengaluru,2024-07-19,Basic
C101027,42,Female,Faridabad,2024-06-01,Standard
C101028,55,Female,Jaipur,2024-06-13,Basic
C101029,32,Male,Bengaluru,2024-09-28,Basic
C101030,38,Male,Gurugram,2025-05-22,Standard
C101031,52,Male,Gurugram,2025-06-21,Standard
C101032,31,Female,Bengaluru,2024-08-30,Basic
C101033,53,Male,New Delhi,2024-07-23,Premium
C101034,29,Male,Gurugram,2025-08-07,Basic
C101035,34,Female,Noida,2025-07-28,Standard
C101036,56,Male,Faridabad,2025-05-24,Standard
C101037,26,Female,Gurugram,2024-08-07,Premium
C101038,52,Male,New Delhi,2024-11-19,Premium
C101039,30,Male,Gurugram,2024-09-05,Basic
C101040,32,Female,Noida,2025-10-07,Premium
C101041,35,Male,Bengaluru,2024-08-17,Standard
C101042,50,Female,Chennai,2024-12-09,Standard
C101043,23,Male,Ghaziabad,2024-08-08,Basic
C101044,44,Male,Gurugram,2025-10-31,Standard
C101045,40,Female,Mumbai,2024-08-24,Premium
C101046,44,Male,Noida,2025-08-12,Basic
C101047,51,Female,Gurugram,2025-09-06,Premium
C101048,55,Male,Mumbai,2024-12-29,Basic
C101049,31,Male,Lucknow,2025-07-17,Basic
C101050,53,Male,Lucknow,2024-07-20,Standard
C101051,25,Male,Jaipur,2024-10-01,Standard
C101052,52,Female,Gurugram,2025-08-07,Standard
C101053,36,Female,Gurugram,2024-07-01,Basic
C101054,47,Male,Jaipur,2025-08-04,Premium
C101055,31,Male,Gurugram,2024-06-18,Basic
C101056,37,Female,Noida,2024-12-10,Basic
C101057,42,Female,Bengaluru,2024-05-30,Basic
C101058,57,Male,Bengaluru,2025-10-12,Standard
C101059,41,Male,Noida,2025-05-28,Premium
C101060,31,Male,Bengaluru,2025-09-11,Standard
C101061,43,Female,Bengaluru,2024-09-12,Standard
C101062,55,Male,Ghaziabad,2025-01-07,Basic
C101063,40,Male,Gurugram,2024-10-01,Standard
C101064,39,Female,New Delhi,2025-04-21,Standard
C101065,36,Male,New Delhi,2025-03-24,Standard
C101066,20,Male,Gurugram,2025-10-22,Basic
C101067,59,Male,New Delhi,2024-11-15,Standard
C101068,36,Male,Gurugram,2025-11-02,Standard
C101069,26,Male,Noida,2024-09-06,Standard
C101070,45,Male,Mumbai,2025-05-06,Standard
C101071,37,Male,Gurugram,2024-10-28,Basic
C101072,24,Female,Jaipur,2025-10-30,Standard
C101073,31,Female,Jaipur,2025-05-19,Basic
C101074,26,Female,Gurugram,2024-09-15,Premium
C101075,36,Male,Mumbai,2024-11-27,Standard
C101076,31,Male,Faridabad,2025-09-07,Basic
C101077,55,Male,New Delhi,2024-09-20,Premium
C101078,53,Male,Lucknow,2024-09-09,Standard
C101079,57,Male,New Delhi,2024-07-29,Basic
C101080,34,Female,Jaipur,2025-05-21,Standard
C101081,47,Male,Gurugram,2025-11-14,Basic
C101082,26,Male,Bengaluru,2025-09-09,Standard
C101083,50,Male,Noida,2024-08-15,Standard
C101084,42,Female,Ghaziabad,2025-01-04,Premium
C101085,31,Male,Gurugram,2025-08-18,Standard
C101086,28,Female,Jaipur,2025-07-28,Standard
C101087,52,Male,Lucknow,2025-02-03,Standard
C101088,58,Female,Noida,2024-07-20,Basic
C101089,31,Female,Ghaziabad,2024-11-25,Standard
C101090,47,Male,Noida,2024-09-30,Standard
C101091,58,Male,Bengaluru,2024-11-28,Basic
C101092,21,Male,Noida,2024-09-20,Basic
C101093,21,Male,Bengaluru,2025-10-08,Premium
C101094,45,Female,Bengaluru,2025-04-15,Premium
C101095,25,Female,Noida,2024-09-10,Basic
C101096,19,Female,Gurugram,2024-06-09,Basic
C101097,58,Female,Noida,2025-07-21,Basic
C101098,39,Male,Bengaluru,2025-08-24,Premium
C101099,58,Male,Gurugram,2024-08-26,Basic
C101100,33,Female,Faridabad,2025-10-23,Standard
C101101,46,Male,Bengaluru,2024-09-30,Basic
C101102,47,Female,New Delhi,2024-11-09,Standard
C101103,29,Male,Ghaziabad,2025-03-26,Basic
C101104,52,Male,Gurugram,2024-07-22,Standard
C101105,28,Other,Gurugram,2024-06-14,Basic
C101106,38,Male,Bengaluru,2025-01-07,Standard
C101107,38,Other,Gurugram,2025-04-05,Basic
C101108,22,Female,New Delhi,2024-10-16,Standard
C101109,37,Female,Bengaluru,2024-08-16,Premium
C101110,54,Female,New Delhi,2025-02-05,Basic
C101111,20,Female,Chennai,2024-08-24,Premium
C101112,50,Female,Chennai,2025-09-14,Standard
C101113,26,Male,New Delhi,2025-03-11,Basic
C101114,26,Male,Gurugram,2024-09-05,Basic
C101115,21,Female,Jaipur,2025-02-05,Basic
C101116,52,Male,Noida,2025-07-21,Standard
C101117,34,Male,Gurugram,2025-10-09,Standard
C101118,51,Male,Jaipur,2024-08-13,Basic
C101119,41,Female,Gurugram,2025-08-03,Standard
C101120,49,Female,Bengaluru,2025-04-16,Standard
C101121,18,Male,Gurugram,2025-09-17,Premium
C101122,25,Female,Gurugram,2025-02-20,Standard
C101123,40,Female,Gurugram,2025-02-21,Premium
C101124,57,Female,Chennai,2025-06-26,Standard
C101125,29,Female,Jaipur,2025-03-08,Basic
C101126,29,Female,Bengaluru,2025-05-04,Standard
C101127,32,Male,New Delhi,2024-08-30,Standard
C101128,58,Female,New Delhi,2025-03-14,Standard
C101129,36,Male,Gurugram,2024-09-20,Standard
C101130,43,Female,Noida,2025-05-19,Standard
C101131,46,Other,Faridabad,2025-10-10,Standard
C101132,39,Male,Ghaziabad,2025-07-14,Basic
C101133,57,Male,New Delhi,2024-09-27,Basic
C101134,38,Female,Mumbai,2025-08-17,Standard
C101135,55,Male,Gurugram,2025-08-01,Standard
C101136,37,Female,Chennai,2024-06-19,Basic
C101137,46,Male,Gurugram,2025-05-22,Standard
C101138,21,Male,Noida,2024-12-09,Standard
C101139,24,Female,New Delhi,2025-11-04,Basic
C101140,45,Female,Noida,2025-02-22,Basic
C101141,45,Female,Faridabad,2025-04-03,Basic
C101142,21,Male,Noida,2024-09-08,Premium
C101143,39,Female,Noida,2024-08-30,Basic
C101144,29,Female,Lucknow,2025-10-23,Basic
C101145,20,Female,Jaipur,2024-11-19,Standard
C101146,39,Female,Bengaluru,2024-12-26,Basic
C101147,19,Female,Gurugram,2024-11-27,Basic
C101148,41,Male,Ghaziabad,2024-08-03,Basic
C101149,51,Male,Faridabad,2024-06-11,Standard
C101150,44,Female,New Delhi,2025-08-23,Standard
C101151,58,Male,Noida,2025-11-06,Basic
C101152,18,Female,New Delhi,2025-08-28,Basic
C101153,25,Male,Gurugram,2024-12-05,Premium
C101154,40,Female,Gurugram,2025-10-24,Basic
C101155,55,Female,Gurugram,2024-10-26,Basic
C101156,23,Male,Jaipur,2025-07-23,Basic
C101157,39,Male,Jaipur,2025-07-09,Standard
C101158,42,Male,Mumbai,2024-12-19,Standard
C101159,35,Female,Jaipur,2025-06-15,Basic
C101160,34,Female,Gurugram,2025-09-22,Standard
C101161,29,Male,Bengaluru,2025-05-06,Basic
C101162,23,Female,Bengaluru,2024-09-18,Basic
C101163,43,Male,Noida,2025-03-12,Standard
C101164,44,Male,Faridabad,2025-04-09,Basic
C101165,25,Female,Chennai,2025-01-04,Standard
C101166,36,Male,Faridabad,2025-09-27,Basic
C101167,59,Male,Mumbai,2025-02-10,Standard
C101168,18,Male,Gurugram,2025-01-17,Basic
C101169,46,Male,Gurugram,2025-05-29,Premium
C101170,52,Male,Noida,2025-07-03,Basic
C101171,57,Male,Faridabad,2025-03-20,Premium
C101172,31,Female,Bengaluru,2024-12-11,Basic
C101173,52,Male,Chennai,2024-07-12,Standard
C101174,37,Male,New Delhi,2024-09-25,Basic
C101175,30,Male,Gurugram,2024-10-25,Premium
C101176,55,Male,Bengaluru,2024-10-21,Basic
C101177,25,Female,Ghaziabad,2025-08-07,Basic
C101178,37,Female,Gurugram,2025-03-06,Standard
C101179,50,Male,Noida,2024-08-06,Basic
C101180,43,Female,Lucknow,2025-04-07,Basic
C101181,56,Female,Lucknow,2024-05-31,Premium
C101182,38,Female,Noida,2024-12-29,Premium
C101183,59,Male,New Delhi,2025-08-22,Basic
C101184,58,Male,Chennai,2024-09-27,Premium
C101185,26,Male,Jaipur,2025-07-20,Standard
C101186,41,Female,Noida,2024-10-16,Basic
C101187,54,Male,New Delhi,2024-09-18,Standard
C101188,58,Female,Lucknow,2025-05-15,Standard
C101189,34,Male,Gurugram,2024-07-25,Premium
C101190,41,Male,Gurugram,2025-09-06,Basic
C101191,38,Female,Faridabad,2025-05-16,Standard
C101192,56,Male,New Delhi,2025-03-21,Basic
C101193,58,Male,Ghaziabad,2025-04-22,Basic
C101194,56,Female,Gurugram,2025-06-18,Basic
C101195,30,Female,Ghaziabad,2025-03-07,Premium
C101196,28,Female,New Delhi,2025-06-23,Standard
C101197,36,Female,Gurugram,2025-10-19,Standard
C101198,28,Female,Gurugram,2025-07-09,Standard
C101199,30,Female,Mumbai,2024-07-20,Basic
C101200,18,Male,Bengaluru,2025-05-13,Basic
C101201,57,Male,Gurugram,2024-11-25,Basic
C101202,36,Male,Lucknow,2024-09-05,Basic
C101203,29,Male,Ghaziabad,2024-10-01,Standard
C101204,25,Female,Chennai,2024-08-08,Standard
C101205,25,Female,New Delhi,2025-01-01,Basic
C101206,29,Female,Jaipur,2025-04-17,Basic
C101207,50,Male,Gurugram,2025-01-18,Basic
C101208,43,Female,New Delhi,2025-04-21,Basic
C101209,56,Male,Chennai,2024-10-11,Premium
C101210,45,Female,Faridabad,2025-05-23,Standard
C101211,22,Female,New Delhi,2025-02-23,Standard
C101212,25,Male,Gurugram,2024-08-27,Standard
C101213,42,Male,Jaipur,2024-10-24,Basic
C101214,44,Male,Ghaziabad,2025-02-06,Basic
C101215,40,Female,New Delhi,2024-10-02,Premium
C101216,47,Female,Mumbai,2024-10-31,Standard
C101217,40,Female,Gurugram,2025-07-13,Basic
C101218,37,Male,New Delhi,2024-09-12,Standard
C101219,35,Male,Mumbai,2025-08-26,Standard
C101220,35,Female,New Delhi,2024-10-26,Standard
C101221,19,Female,New Delhi,2025-09-23,Premium
C101222,21,Male,Faridabad,2025-11-14,Standard
C101223,47,Male,Bengaluru,2024-05-27,Standard
C101224,50,Female,Gurugram,2025-07-29,Basic
C101225,53,Male,Mumbai,2024-10-25,Basic
C101226,35,Male,Bengaluru,2024-10-28,Basic
C101227,54,Male,Gurugram,2025-10-05,Basic
C101228,36,Male,Jaipur,2025-08-21,Standard
C101229,45,Female,New Delhi,2025-10-01,Standard
C101230,57,Female,Noida,2025-03-25,Basic
C101231,37,Female,Bengaluru,2024-09-16,Standard
C101232,50,Male,Chennai,2025-07-21,Basic
C101233,29,Male,Gurugram,2024-10-27,Basic
C101234,32,Male,Noida,2025-04-16,Basic
C101235,58,Male,Noida,2025-01-28,Basic
C101236,56,Female,New Delhi,2025-04-22,Basic
C101237,19,Male,New Delhi,2024-11-03,Standard
C101238,46,Male,Gurugram,2025-11-14,Basic
C101239,58,Male,Jaipur,2024-09-19,Premium
C101240,27,Male,Noida,2024-11-28,Basic
C101241,19,Male,Gurugram,2025-09-16,Basic
C101242,28,Male,Bengaluru,2025-10-07,Basic
C101243,30,Other,Bengaluru,2025-06-02,Standard
C101244,27,Male,Noida,2024-09-29,Basic
C101245,31,Male,New Delhi,2024-08-13,Standard
C101246,35,Female,Ghaziabad,2025-01-15,Standard
C101247,26,Other,New Delhi,2024-10-26,Standard
C101248,56,Female,Gurugram,2024-11-28,Standard
C101249,45,Female,Lucknow,2025-07-21,Basic
C101250,20,Male,Gurugram,2024-05-20,Basic
C101251,37,Male,Gurugram,2025-02-17,Basic
C101252,23,Male,Gurugram,2024-12-08,Standard
C101253,44,Female,Gurugram,2024-07-23,Basic
C101254,19,Female,Gurugram,2025-10-16,Basic
C101255,46,Male,Chennai,2024-10-17,Premium
C101256,55,Male,New Delhi,2025-04-29,Basic
C101257,20,Female,Gurugram,2025-04-16,Standard
C101258,33,Male,Gurugram,2025-09-20,Standard
C101259,47,Female,Mumbai,2024-11-24,Basic
C101260,57,Female,Faridabad,2024-08-30,Basic
C101261,19,Female,New Delhi,2025-02-26,Basic
C101262,34,Female,Bengaluru,2025-07-13,Standard
C101263,58,Female,New Delhi,2025-07-30,Standard
C101264,29,Male,New Delhi,2024-12-21,Standard
C101265,52,Female,Gurugram,2024-11-10,Premium
C101266,18,Female,New Delhi,2025-09-01,Standard
C101267,32,Male,New Delhi,2025-09-27,Basic
C101268,43,Male,Jaipur,2024-08-31,Basic
C101269,54,Male,New Delhi,2025-09-04,Standard
C101270,38,Male,Faridabad,2025-04-10,Basic
C101271,48,Female,Gurugram,2025-04-27,Basic
C101272,42,Female,Gurugram,2024-06-11,Standard
C101273,40,Male,Noida,2024-08-19,Basic
C101274,41,Male,Mumbai,2024-05-26,Premium
C101275,55,Female,New Delhi,2025-02-27,Standard
C101276,45,Male,Jaipur,2025-07-30,Basic
C101277,38,Male,New Delhi,2025-07-03,Premium
C101278,35,Female,Gurugram,2025-05-21,Basic
C101279,53,Male,Gurugram,2024-08-03,Basic
C101280,52,Male,New Delhi,2025-01-11,Basic
C101281,26,Male,Gurugram,2024-12-23,Basic
C101282,55,Male,Gurugram,2025-11-12,Standard
C101283,47,Female,Lucknow,2025-09-06,Basic
C101284,51,Male,Gurugram,2024-07-30,Basic
C101285,49,Male,Faridabad,2025-01-18,Basic
C101286,20,Female,New Delhi,2024-09-10,Standard
C101287,20,Female,Noida,2024-06-29,Standard
C101288,45,Male,Faridabad,2024-08-29,Basic
C101289,32,Male,New Delhi,2024-12-22,Basic
C101290,58,Female,New Delhi,2025-01-20,Basic
C101291,40,Male,Lucknow,2025-06-08,Basic
C101292,57,Male,Bengaluru,2025-08-30,Standard
C101293,28,Female,Gurugram,2025-01-07,Standard
C101294,49,Female,Gurugram,2024-11-18,Basic
C101295,53,Female,Bengaluru,2024-10-14,Basic
C101296,50,Female,New Delhi,2024-09-17,Basic
C101297,41,Female,Faridabad,2024-09-22,Standard
C101298,56,Male,New Delhi,2024-07-30,Basic
C101299,51,Female,Gurugram,2024-10-23,Premium
C101300,45,Male,Faridabad,2025-07-01,Standard
C101301,54,Male,Faridabad,2025-01-31,Basic
C101302,24,Female,Gurugram,2024-11-03,Standard
C101303,21,Female,Noida,2024-08-11,Premium
C101304,54,Male,Bengaluru,2024-06-26,Standard
C101305,18,Female,Faridabad,2025-11-14,Basic
C101306,18,Male,Gurugram,2025-03-03,Basic
C101307,37,Male,Faridabad,2025-01-16,Standard
C101308,36,Male,Jaipur,2025-08-14,Standard
C101309,46,Female,Bengaluru,2024-10-29,Standard
C101310,27,Female,Ghaziabad,2024-10-18,Premium
C101311,35,Male,Gurugram,2024-07-07,Premium
C101312,45,Female,Jaipur,2024-11-30,Premium
C101313,52,Male,Jaipur,2024-09-11,Basic
C101314,48,Female,Gurugram,2024-10-14,Standard
C101315,44,Male,Noida,2025-10-10,Standard
C101316,28,Male,New Delhi,2024-11-01,Standard
C101317,55,Female,Jaipur,2024-06-08,Standard
C101318,22,Male,Gurugram,2025-04-24,Basic
C101319,25,Male,Faridabad,2024-10-18,Standard
C101320,51,Female,Mumbai,2025-05-17,Standard
C101321,29,Female,Bengaluru,2025-10-17,Basic
C101322,55,Male,Mumbai,2025-07-14,Standard
C101323,18,Male,Chennai,2025-06-15,Basic
C101324,48,Male,Gurugram,2024-12-25,Basic
C101325,21,Male,Ghaziabad,2025-04-22,Basic
C101326,22,Male,Noida,2024-05-20,Basic
C101327,47,Female,Bengaluru,2025-05-16,Standard
C101328,41,Other,New Delhi,2025-10-01,Standard
C101329,20,Male,Chennai,2025-09-25,Standard
C101330,28,Male,Ghaziabad,2024-11-20,Standard
C101331,21,Male,Bengaluru,2025-04-16,Basic
C101332,43,Male,Gurugram,2024-10-03,Basic
C101333,44,Female,Gurugram,2025-10-02,Premium
C101334,44,Male,Lucknow,2025-06-23,Basic
C101335,59,Male,Gurugram,2025-07-09,Premium
C101336,23,Female,Bengaluru,2024-09-23,Standard
C101337,32,Male,Gurugram,2025-07-12,Standard
C101338,47,Female,Ghaziabad,2025-01-06,Premium
C101339,59,Male,New Delhi,2025-05-17,Basic
C101340,54,Female,Ghaziabad,2025-11-07,Basic
C101341,54,Female,Jaipur,2024-08-07,Standard
C101342,59,Female,New Delhi,2024-07-30,Basic
C101343,54,Female,Gurugram,2024-10-30,Premium
C101344,52,Male,Gurugram,2025-11-17,Basic
C101345,40,Male,Faridabad,2025-08-29,Standard
C101346,23,Female,Faridabad,2024-07-01,Standard
C101347,21,Female,Lucknow,2024-11-17,Standard
C101348,35,Male,Noida,2024-06-24,Basic
C101349,26,Male,Noida,2025-04-20,Basic
C101350,46,Male,New Delhi,2025-06-26,Standard
C101351,30,Male,Gurugram,2025-07-30,Basic
C101352,34,Male,New Delhi,2025-09-23,Standard
C101353,49,Female,Chennai,2024-11-09,Standard
C101354,39,Male,Bengaluru,2025-11-07,Standard
C101355,21,Male,New Delhi,2025-06-29,Standard
C101356,22,Female,Faridabad,2025-09-27,Basic
C101357,54,Female,Bengaluru,2025-06-28,Standard
C101358,58,Female,Noida,2025-02-06,Premium
C101359,30,Female,Gurugram,2024-10-30,Basic
C101360,51,Male,Gurugram,2024-05-27,Premium
C101361,39,Female,Noida,2024-05-24,Standard
C101362,40,Male,Chennai,2025-10-04,Basic
C101363,20,Male,Jaipur,2025-09-30,Basic
C101364,59,Female,Gurugram,2025-02-17,Premium
C101365,51,Female,Gurugram,2024-11-17,Basic
C101366,49,Male,Lucknow,2025-01-06,Premium
C101367,38,Male,Bengaluru,2025-08-29,Premium
C101368,38,Male,Ghaziabad,2025-02-09,Basic
C101369,28,Male,Ghaziabad,2025-11-16,Basic
C101370,56,Male,Gurugram,2025-03-01,Standard
C101371,21,Female,Bengaluru,2025-08-07,Basic
C101372,18,Male,Bengaluru,2025-05-24,Standard
C101373,45,Female,New Delhi,2025-08-22,Basic
C101374,41,Female,Jaipur,2024-06-03,Standard
C101375,52,Female,Gurugram,2024-10-04,Standard
C101376,30,Female,Gurugram,2024-05-31,Basic
C101377,51,Male,Gurugram,2024-07-09,Basic
C101378,28,Male,Gurugram,2024-11-29,Basic
C101379,53,Female,New Delhi,2025-05-17,Basic
C101380,34,Female,Noida,2025-03-14,Standard
C101381,52,Female,Noida,2025-05-23,Standard
C101382,35,Male,Noida,2024-07-06,Basic
C101383,57,Female,New Delhi,2025-09-28,Standard
C101384,39,Male,Gurugram,2024-12-18,Standard
C101385,41,Female,Ghaziabad,2025-07-20,Basic
C101386,36,Female,New Delhi,2025-03-02,Basic
C101387,54,Male,New Delhi,2024-07-24,Premium
C101388,56,Female,Bengaluru,2024-12-31,Standard
C101389,38,Male,Lucknow,2024-09-28,Standard
C101390,25,Male,Bengaluru,2024-09-01,Standard
C101391,45,Male,Noida,2024-10-20,Basic
C101392,22,Female,Gurugram,2025-03-19,Standard
C101393,34,Female,Jaipur,2025-02-06,Standard
C101394,54,Female,Gurugram,2025-02-16,Standard
C101395,53,Male,Noida,2024-06-20,Basic
C101396,36,Female,Gurugram,2025-06-10,Basic
C101397,44,Female,Bengaluru,2025-08-31,Basic
C101398,51,Male,Gurugram,2025-04-09,Premium
C101399,28,Other,Mumbai,2024-08-17,Basic
C101400,29,Male,Bengaluru,2024-07-03,Standard
C101401,38,Female,Noida,2024-12-30,Basic
C101402,28,Male,Lucknow,2025-04-10,Basic
C101403,56,Male,Ghaziabad,2025-04-12,Standard
C101404,45,Male,Bengaluru,2024-09-22,Standard
C101405,22,Female,Noida,2024-09-12,Standard
C101406,34,Male,Bengaluru,2025-05-12,Basic
C101407,37,Male,Noida,2025-04-08,Standard
C101408,58,Female,Mumbai,2025-02-04,Basic
C101409,29,Female,Noida,2025-08-26,Basic
C101410,23,Male,Noida,2024-08-06,Standard
C101411,34,Male,Bengaluru,2024-08-31,Basic
C101412,36,Male,Bengaluru,2025-10-26,Basic
C101413,43,Male,Faridabad,2025-08-08,Standard
C101414,49,Female,Gurugram,2025-07-29,Standard
C101415,23,Female,Noida,2024-10-18,Standard
C101416,53,Female,Chennai,2025-07-16,Basic
C101417,55,Male,Lucknow,2025-02-25,Basic
C101418,28,Female,Bengaluru,2025-07-20,Basic
C101419,50,Female,Gurugram,2025-10-30,Premium
C101420,41,Female,Noida,2025-01-25,Standard
C101421,40,Female,Ghaziabad,2025-07-10,Standard
C101422,32,Female,Bengaluru,2025-09-13,Basic
C101423,44,Female,Gurugram,2025-08-11,Standard
C101424,28,Male,Bengaluru,2024-09-22,Basic
C101425,34,Female,Faridabad,2025-02-09,Standard
C101426,31,Male,Gurugram,2025-01-11,Premium
C101427,44,Female,New Delhi,2025-02-14,Premium
C101428,35,Male,New Delhi,2025-01-25,Standard
C101429,45,Female,Faridabad,2025-03-15,Standard
C101430,21,Female,Gurugram,2024-09-18,Premium
C101431,24,Male,Gurugram,2025-02-25,Standard
C101432,52,Male,Bengaluru,2024-10-30,Basic
C101433,26,Female,Gurugram,2025-01-09,Standard
C101434,25,Female,Gurugram,2025-04-10,Basic
C101435,34,Male,Noida,2025-06-29,Standard
C101436,34,Male,Noida,2024-09-18,Standard
C101437,50,Female,Lucknow,2025-10-05,Standard
C101438,49,Male,Noida,2024-11-03,Basic
C101439,25,Male,Bengaluru,2025-07-25,Basic
C101440,36,Male,Ghaziabad,2025-08-06,Standard
C101441,55,Male,Gurugram,2025-02-14,Standard
C101442,20,Male,Gurugram,2024-12-27,Standard
C101443,22,Male,Noida,2025-08-21,Basic
C101444,30,Male,New Delhi,2024-06-06,Premium
C101445,48,Male,Lucknow,2024-09-30,Premium
C101446,33,Male,Faridabad,2025-09-24,Basic
C101447,49,Male,New Delhi,2024-06-12,Basic
C101448,39,Male,Gurugram,2025-01-27,Standard
C101449,46,Female,Gurugram,2024-09-21,Standard
C101450,39,Male,Faridabad,2025-03-09,Premium
C101451,20,Male,Noida,2024-09-11,Premium
C101452,27,Male,Noida,2025-04-20,Standard
C101453,59,Male,Gurugram,2025-02-15,Standard
C101454,38,Female,Jaipur,2025-11-01,Basic
C101455,33,Female,Bengaluru,2024-09-29,Basic
C101456,29,Female,New Delhi,2025-06-21,Standard
C101457,19,Female,Noida,2024-06-28,Standard
C101458,58,Female,Chennai,2024-08-27,Standard
C101459,41,Male,New Delhi,2025-04-12,Standard
C101460,52,Male,Faridabad,2025-04-23,Basic
C101461,47,Male,Gurugram,2024-06-27,Standard
C101462,47,Male,Ghaziabad,2024-11-30,Basic
C101463,52,Male,Gurugram,2025-03-01,Basic
C101464,36,Female,Mumbai,2025-09-05,Standard
C101465,25,Male,Jaipur,2024-09-21,Standard
C101466,43,Female,Bengaluru,2025-02-08,Premium
C101467,57,Female,Jaipur,2025-09-28,Basic
C101468,24,Male,Faridabad,2025-07-30,Standard
C101469,47,Male,Noida,2024-11-11,Basic
C101470,24,Male,Bengaluru,2025-03-14,Basic
C101471,20,Male,Mumbai,2024-10-08,Premium
C101472,18,Male,Noida,2025-09-25,Standard
C101473,53,Male,Mumbai,2024-10-05,Premium
C101474,42,Male,Faridabad,2025-05-07,Basic
C101475,54,Male,Faridabad,2025-07-03,Premium
C101476,18,Other,Noida,2025-05-10,Basic
C101477,32,Female,Gurugram,2025-09-02,Premium
C101478,54,Female,Gurugram,2025-02-12,Basic
C101479,30,Male,Gurugram,2025-03-26,Basic
C101480,57,Male,Noida,2024-11-08,Standard
C101481,25,Female,New Delhi,2024-07-02,Premium
C101482,22,Male,Noida,2024-12-31,Basic
C101483,26,Male,Chennai,2025-11-16,Basic
C101484,18,Female,New Delhi,2025-01-20,Premium
C101485,53,Female,Noida,2025-04-07,Basic
C101486,52,Male,Gurugram,2024-08-10,Basic
C101487,19,Male,Gurugram,2025-07-29,Basic
C101488,57,Male,Lucknow,2025-07-31,Basic
C101489,40,Male,Faridabad,2025-11-03,Premium
C101490,26,Male,Lucknow,2025-03-12,Standard
C101491,51,Male,Gurugram,2025-02-24,Standard
C101492,31,Male,Faridabad,2024-05-31,Premium
C101493,21,Female,New Delhi,2025-08-08,Standard
C101494,47,Female,Gurugram,2024-08-05,Basic
C101495,48,Female,Gurugram,2025-11-03,Basic
C101496,55,Male,Gurugram,2024-08-22,Basic
C101497,28,Male,New Delhi,2025-05-28,Basic
C101498,52,Male,Gurugram,2025-09-03,Premium
C101499,25,Male,Chennai,2025-04-30,Standard
C101500,20,Male,New Delhi,2025-03-04,Basic
C101501,31,Female,Gurugram,2024-08-05,Standard
C101502,30,Female,Gurugram,2025-10-19,Standard
C101503,49,Male,Faridabad,2025-03-30,Premium
C101504,51,Male,Gurugram,2025-11-18,Premium
C101505,36,Female,Bengaluru,2024-09-21,Standard
C101506,55,Male,Chennai,2024-09-27,Standard
C101507,33,Male,Gurugram,2025-03-16,Standard
C101508,19,Male,Noida,2025-06-04,Standard
C101509,57,Female,Gurugram,2024-09-28,Basic
C101510,34,Other,Ghaziabad,2025-07-03,Basic
C101511,51,Male,Noida,2025-04-27,Standard
C101512,59,Female,New Delhi,2024-10-25,Basic
C101513,33,Female,Gurugram,2024-12-24,Basic
C101514,55,Male,Ghaziabad,2024-11-01,Standard
C101515,19,Male,Noida,2024-07-13,Basic
C101516,19,Male,Gurugram,2025-11-10,Standard
C101517,43,Female,Jaipur,2024-05-25,Standard
C101518,30,Male,Faridabad,2025-03-13,Premium
C101519,48,Female,Bengaluru,2025-08-13,Standard
C101520,51,Male,Gurugram,2025-11-16,Basic
C101521,56,Female,Bengaluru,2025-11-09,Standard
C101522,20,Male,Jaipur,2024-09-08,Standard
C101523,25,Female,Gurugram,2024-12-08,Premium
C101524,40,Female,Jaipur,2024-11-01,Basic
C101525,31,Female,Noida,2025-03-08,Basic
C101526,44,Female,Mumbai,2024-05-24,Premium
C101527,46,Male,Gurugram,2025-08-26,Basic
C101528,56,Female,Ghaziabad,2024-07-08,Standard
C101529,56,Male,New Delhi,2025-06-09,Basic
C101530,18,Male,Mumbai,2024-10-30,Basic
C101531,34,Male,New Delhi,2024-07-13,Basic
C101532,58,Male,Chennai,2025-01-27,Basic
C101533,47,Male,Mumbai,2025-08-09,Standard
C101534,30,Other,New Delhi,2025-10-19,Premium
C101535,38,Male,Bengaluru,2024-12-10,Basic
C101536,36,Female,Chennai,2025-08-19,Standard
C101537,36,Male,New Delhi,2025-05-14,Basic
C101538,42,Male,Noida,2025-05-04,Standard
C101539,39,Male,Faridabad,2024-12-06,Basic
C101540,48,Female,New Delhi,2025-01-13,Premium
C101541,34,Female,Gurugram,2025-11-06,Standard
C101542,40,Female,Gurugram,2025-08-08,Standard
C101543,49,Other,New Delhi,2025-04-22,Standard
C101544,27,Male,Noida,2024-09-20,Standard
C101545,27,Male,Gurugram,2025-11-15,Premium
C101546,53,Female,Bengaluru,2025-02-03,Standard
C101547,25,Male,Jaipur,2025-09-13,Premium
C101548,37,Male,Gurugram,2025-08-10,Standard
C101549,49,Male,Ghaziabad,2024-09-21,Basic
C101550,31,Female,Ghaziabad,2025-11-15,Standard
C101551,45,Female,Mumbai,2024-05-22,Basic
C101552,41,Male,Gurugram,2025-01-05,Standard
C101553,32,Male,Gurugram,2025-08-14,Standard
C101554,39,Female,Mumbai,2024-08-13,Standard
C101555,47,Female,Mumbai,2025-02-16,Basic
C101556,21,Male,Jaipur,2024-12-11,Basic
C101557,30,Female,Lucknow,2025-04-01,Standard
C101558,40,Male,Gurugram,2024-11-29,Premium
C101559,25,Male,Noida,2025-11-15,Basic
C101560,35,Female,Gurugram,2025-01-12,Basic
C101561,29,Female,Gurugram,2024-06-06,Standard
C101562,48,Male,Bengaluru,2025-07-30,Standard
C101563,31,Female,Gurugram,2024-09-27,Basic
C101564,51,Female,Noida,2025-03-07,Basic
C101565,35,Female,Mumbai,2024-11-10,Basic
C101566,51,Female,Gurugram,2025-10-25,Premium
C101567,28,Female,Chennai,2025-08-30,Basic
C101568,58,Male,Chennai,2024-08-27,Basic
C101569,29,Male,Faridabad,2025-10-10,Basic
C101570,32,Male,Gurugram,2025-02-22,Basic
C101571,48,Male,New Delhi,2025-07-03,Standard
C101572,46,Female,Noida,2025-04-23,Basic
C101573,43,Male,New Delhi,2025-07-17,Basic
C101574,35,Male,New Delhi,2025-04-23,Standard
C101575,49,Male,Chennai,2024-11-01,Basic
C101576,39,Male,Gurugram,2025-10-11,Basic
C101577,55,Male,Lucknow,2025-02-26,Standard
C101578,34,Female,Gurugram,2025-01-26,Standard
C101579,40,Male,Faridabad,2025-02-28,Premium
C101580,41,Female,Mumbai,2024-11-15,Premium
C101581,25,Female,New Delhi,2024-12-19,Standard
C101582,58,Male,Gurugram,2024-08-24,Basic
C101583,23,Male,Ghaziabad,2024-06-25,Standard
C101584,22,Male,Jaipur,2024-12-19,Standard
C101585,46,Female,Jaipur,2024-09-18,Standard
C101586,45,Female,New Delhi,2024-06-15,Standard
C101587,28,Male,New Delhi,2025-05-19,Basic
C101588,18,Male,Mumbai,2024-12-29,Standard
C101589,36,Female,Mumbai,2025-06-17,Standard
C101590,26,Male,Noida,2024-09-22,Premium
C101591,44,Male,Bengaluru,2025-07-13,Basic
C101592,51,Female,Noida,2024-10-03,Basic
C101593,21,Female,Noida,2024-12-12,Basic
C101594,53,Female,Gurugram,2024-07-04,Standard
C101595,35,Female,Noida,2025-09-14,Basic
C101596,32,Female,Faridabad,2024-12-03,Basic
C101597,30,Male,Gurugram,2024-06-30,Premium
C101598,36,Female,Noida,2025-08-03,Basic
C101599,23,Female,Bengaluru,2024-05-26,Standard
C101600,29,Female,Jaipur,2024-09-06,Basic
C101601,54,Male,Ghaziabad,2024-09-28,Standard
C101602,34,Male,Mumbai,2025-01-27,Standard
C101603,40,Male,Gurugram,2025-09-16,Premium
C101604,43,Male,Faridabad,2025-07-01,Premium
C101605,46,Male,Bengaluru,2025-01-06,Basic
C101606,50,Female,Faridabad,2024-08-22,Basic
C101607,44,Female,New Delhi,2024-07-25,Basic
C101608,42,Male,Gurugram,2024-10-11,Standard
C101609,27,Female,Bengaluru,2025-08-09,Premium
C101610,40,Male,Noida,2024-07-29,Standard
C101611,38,Male,Bengaluru,2024-05-24,Standard
C101612,38,Male,Faridabad,2024-11-27,Basic
C101613,30,Male,Jaipur,2025-05-07,Standard
C101614,54,Male,Bengaluru,2025-05-25,Premium
C101615,50,Male,Ghaziabad,2025-11-05,Basic
C101616,41,Male,New Delhi,2025-06-16,Standard
C101617,28,Female,Noida,2024-06-11,Basic
C101618,34,Male,Bengaluru,2024-06-01,Standard
C101619,21,Female,New Delhi,2025-07-31,Standard
C101620,42,Female,New Delhi,2024-12-07,Basic
C101621,47,Female,Gurugram,2025-03-06,Basic
C101622,26,Female,Mumbai,2025-03-20,Basic
C101623,38,Male,Gurugram,2024-10-27,Standard
C101624,37,Male,Ghaziabad,2025-01-28,Standard
C101625,36,Female,Noida,2024-07-28,Basic
C101626,36,Male,Noida,2024-11-15,Standard
C101627,29,Female,Jaipur,2025-02-23,Standard
C101628,54,Female,Gurugram,2024-06-15,Basic
C101629,59,Female,Faridabad,2025-07-30,Basic
C101630,34,Female,Lucknow,2024-09-05,Standard
C101631,54,Other,Bengaluru,2025-11-12,Premium
C101632,56,Female,Gurugram,2025-04-24,Basic
C101633,45,Male,Bengaluru,2024-07-12,Basic
C101634,58,Female,Ghaziabad,2025-06-17,Basic
C101635,52,Male,Bengaluru,2024-12-11,Standard
C101636,35,Male,Noida,2025-02-03,Basic
C101637,31,Female,Faridabad,2025-03-07,Basic
C101638,52,Male,Mumbai,2025-08-04,Standard
C101639,58,Male,Bengaluru,2024-12-20,Standard
C101640,24,Male,Noida,2025-09-27,Basic
C101641,58,Female,New Delhi,2025-07-01,Basic
C101642,30,Male,New Delhi,2025-07-04,Standard
C101643,35,Female,New Delhi,2025-08-21,Basic
C101644,54,Male,New Delhi,2024-10-01,Basic
C101645,30,Female,New Delhi,2024-08-13,Premium
C101646,53,Female,Bengaluru,2024-09-13,Basic
C101647,48,Male,Gurugram,2025-04-14,Standard
C101648,19,Male,Jaipur,2025-03-07,Premium
C101649,33,Male,Gurugram,2025-06-30,Basic
C101650,26,Female,New Delhi,2024-12-07,Basic
C101651,26,Female,Gurugram,2025-01-30,Standard
C101652,55,Female,New Delhi,2024-11-27,Premium
C101653,28,Male,Lucknow,2025-05-24,Premium
C101654,39,Female,Bengaluru,2025-05-02,Standard
C101655,50,Female,Gurugram,2025-09-22,Basic
C101656,53,Female,Noida,2025-08-16,Standard
C101657,40,Female,Noida,2024-09-18,Basic
C101658,51,Male,Bengaluru,2024-12-29,Standard
C101659,26,Male,Lucknow,2024-07-14,Basic
C101660,41,Female,Noida,2025-02-15,Basic
C101661,25,Female,Jaipur,2025-08-25,Standard
C101662,24,Female,Bengaluru,2024-12-04,Standard
C101663,53,Male,Gurugram,2025-04-14,Basic
C101664,35,Male,Noida,2025-05-25,Basic
C101665,20,Male,Mumbai,2025-07-25,Premium
C101666,45,Male,Lucknow,2025-04-01,Standard
C101667,23,Female,Faridabad,2025-02-23,Basic
C101668,38,Female,Faridabad,2025-03-03,Basic
C101669,45,Male,New Delhi,2025-03-12,Basic
C101670,57,Male,Faridabad,2025-05-29,Premium
C101671,18,Male,Ghaziabad,2025-04-23,Standard
C101672,53,Male,Noida,2025-04-06,Standard
C101673,38,Female,Jaipur,2025-09-18,Standard
C101674,52,Female,Bengaluru,2024-08-11,Basic
C101675,30,Male,Gurugram,2025-08-10,Standard
C101676,27,Female,Noida,2025-08-13,Standard
C101677,27,Female,Noida,2025-07-27,Basic
C101678,30,Female,Jaipur,2025-03-22,Basic
C101679,54,Male,Gurugram,2024-11-06,Standard
C101680,55,Female,Ghaziabad,2024-08-31,Premium
C101681,41,Male,Bengaluru,2025-11-18,Basic
C101682,19,Male,Noida,2024-10-05,Premium
C101683,39,Male,Mumbai,2025-09-29,Standard
C101684,34,Male,Chennai,2025-10-16,Basic
C101685,53,Male,Gurugram,2025-09-21,Basic
C101686,31,Male,Gurugram,2024-08-03,Basic
C101687,27,Male,Mumbai,2025-06-02,Standard
C101688,52,Female,Mumbai,2025-06-02,Basic
C101689,42,Female,Gurugram,2025-10-06,Basic
C101690,20,Male,Gurugram,2024-11-19,Standard
C101691,55,Female,Gurugram,2025-07-28,Standard
C101692,34,Female,Chennai,2025-05-30,Basic
C101693,29,Female,Gurugram,2024-08-20,Basic
C101694,41,Male,Noida,2024-06-07,Standard
C101695,46,Female,Bengaluru,2025-02-03,Standard
C101696,42,Female,Gurugram,2025-02-08,Standard
C101697,53,Female,Ghaziabad,2025-09-18,Basic
C101698,43,Male,New Delhi,2024-12-08,Standard
C101699,55,Male,Bengaluru,2025-10-04,Standard
C101700,18,Female,New Delhi,2025-01-25,Standard
C101701,37,Male,Jaipur,2025-02-09,Standard
C101702,45,Male,Jaipur,2025-01-15,Basic
C101703,33,Male,Gurugram,2025-02-14,Basic
C101704,34,Female,Gurugram,2024-12-06,Standard
C101705,57,Female,Noida,2025-01-14,Standard
C101706,45,Male,New Delhi,2024-09-02,Standard
C101707,29,Female,Bengaluru,2025-07-24,Basic
C101708,44,Male,Bengaluru,2025-03-02,Premium
C101709,59,Female,Noida,2025-01-10,Standard
C101710,47,Female,Ghaziabad,2024-12-13,Basic
C101711,58,Female,Ghaziabad,2024-05-25,Basic
C101712,51,Female,Bengaluru,2025-07-13,Standard
C101713,54,Male,Noida,2025-04-29,Standard
C101714,23,Female,New Delhi,2025-01-27,Standard
C101715,24,Male,New Delhi,2024-06-20,Premium
C101716,49,Female,Faridabad,2025-07-04,Basic
C101717,49,Female,Noida,2025-07-21,Basic
C101718,42,Female,Noida,2025-08-07,Premium
C101719,50,Male,Gurugram,2024-10-21,Premium
C101720,24,Female,Jaipur,2025-04-07,Standard
C101721,29,Male,Gurugram,2025-08-10,Premium
C101722,33,Male,Gurugram,2024-12-17,Basic
C101723,33,Female,Noida,2025-03-27,Premium
C101724,53,Male,Gurugram,2025-01-12,Basic
C101725,30,Female,Faridabad,2024-09-21,Basic
C101726,24,Male,New Delhi,2024-07-09,Basic
C101727,53,Male,Noida,2025-07-11,Basic
C101728,26,Female,Faridabad,2024-09-30,Basic
C101729,49,Male,Gurugram,2025-06-21,Basic
C101730,28,Male,Gurugram,2025-04-22,Basic
C101731,25,Female,Bengaluru,2024-12-19,Basic
C101732,50,Male,Noida,2025-07-13,Standard
C101733,40,Female,Noida,2025-10-21,Basic
C101734,42,Male,Gurugram,2025-05-21,Basic
C101735,25,Female,Noida,2025-03-22,Standard
C101736,39,Female,Faridabad,2024-08-02,Premium
C101737,21,Female,Faridabad,2024-08-27,Standard
C101738,57,Male,Jaipur,2024-12-17,Basic
C101739,20,Female,Gurugram,2025-05-12,Standard
C101740,46,Female,New Delhi,2025-07-22,Basic
C101741,58,Female,Bengaluru,2025-03-30,Basic
C101742,46,Male,Mumbai,2025-06-03,Basic
C101743,51,Female,Gurugram,2025-07-24,Standard
C101744,51,Female,Noida,2025-10-04,Basic
C101745,45,Male,Gurugram,2025-10-20,Basic
C101746,30,Male,Gurugram,2024-05-22,Basic
C101747,32,Female,New Delhi,2025-10-21,Premium
C101748,40,Male,Gurugram,2025-03-19,Standard
C101749,43,Female,Jaipur,2024-10-29,Basic
C101750,21,Female,Faridabad,2025-04-30,Standard
C101751,43,Female,Gurugram,2025-10-03,Standard
C101752,57,Male,Gurugram,2025-07-20,Standard
C101753,26,Male,Bengaluru,2025-01-13,Basic
C101754,22,Female,Gurugram,2024-10-19,Premium
C101755,49,Male,Ghaziabad,2025-07-03,Basic
C101756,37,Female,New Delhi,2024-11-08,Standard
C101757,28,Male,Faridabad,2025-02-25,Basic
C101758,32,Male,New Delhi,2025-09-27,Basic
C101759,49,Male,Gurugram,2025-07-28,Basic
C101760,45,Male,Gurugram,2025-11-19,Standard
C101761,39,Female,Gurugram,2025-08-17,Basic
C101762,58,Male,Noida,2024-05-31,Standard
C101763,34,Male,Ghaziabad,2025-01-22,Basic
C101764,43,Male,New Delhi,2024-10-04,Standard
C101765,24,Male,Gurugram,2024-12-27,Standard
C101766,59,Male,Noida,2024-10-15,Standard
C101767,43,Female,Ghaziabad,2024-06-17,Standard
C101768,42,Male,Chennai,2025-08-22,Standard
C101769,27,Male,Faridabad,2025-11-15,Basic
C101770,36,Male,Noida,2025-02-06,Standard
C101771,28,Other,Faridabad,2024-06-16,Basic
C101772,30,Male,Mumbai,2024-07-09,Standard
C101773,25,Male,Bengaluru,2025-11-18,Standard
C101774,57,Female,New Delhi,2024-09-07,Basic
C101775,21,Female,Gurugram,2024-07-19,Basic
C101776,48,Male,New Delhi,2025-03-25,Standard
C101777,45,Male,Noida,2024-07-21,Standard
C101778,28,Female,Lucknow,2025-02-21,Premium
C101779,18,Male,Noida,2025-05-16,Standard
C101780,55,Female,Gurugram,2025-08-08,Standard
C101781,41,Female,Jaipur,2024-07-19,Premium
C101782,48,Male,Bengaluru,2025-06-17,Basic
C101783,58,Male,New Delhi,2025-01-02,Basic
C101784,43,Male,Jaipur,2024-05-28,Standard
C101785,22,Female,Noida,2025-07-12,Standard
C101786,37,Male,Bengaluru,2025-04-22,Premium
C101787,58,Male,Bengaluru,2025-05-13,Basic
C101788,28,Female,Faridabad,2025-01-01,Basic
C101789,50,Other,Jaipur,2024-08-12,Basic
C101790,55,Male,Bengaluru,2025-11-12,Basic
C101791,44,Female,Noida,2024-11-26,Basic
C101792,51,Male,New Delhi,2024-11-02,Standard
C101793,32,Male,Lucknow,2024-06-22,Basic
C101794,49,Male,Gurugram,2024-08-31,Standard
C101795,38,Male,New Delhi,2025-08-07,Basic
C101796,22,Male,Bengaluru,2025-09-25,Standard
C101797,23,Male,Jaipur,2025-07-20,Basic
C101798,55,Female,Noida,2024-08-20,Basic
C101799,39,Female,Gurugram,2025-01-19,Basic
C101800,35,Female,New Delhi,2025-03-11,Premium
C101801,31,Male,New Delhi,2025-03-27,Standard
C101802,27,Male,Gurugram,2024-10-22,Standard
C101803,30,Male,Lucknow,2025-10-19,Basic
C101804,48,Female,New Delhi,2024-06-24,Premium
C101805,47,Female,Noida,2025-05-26,Basic
C101806,20,Male,New Delhi,2025-05-05,Basic
C101807,47,Male,Chennai,2024-06-25,Standard
C101808,23,Male,New Delhi,2024-08-05,Premium
C101809,46,Male,Gurugram,2025-07-09,Basic
C101810,25,Male,Gurugram,2025-02-18,Basic
C101811,50,Female,Faridabad,2025-02-06,Premium
C101812,34,Female,Faridabad,2025-06-04,Basic
C101813,28,Male,Noida,2025-08-11,Basic
C101814,30,Male,Noida,2024-09-10,Standard
C101815,28,Other,Gurugram,2025-07-11,Premium
C101816,48,Male,Noida,2024-08-20,Standard
C101817,45,Male,Noida,2024-10-02,Premium
C101818,23,Male,Gurugram,2025-07-29,Standard
C101819,58,Male,Gurugram,2025-05-13,Basic
C101820,33,Male,Gurugram,2024-09-09,Premium
C101821,21,Female,Gurugram,2025-10-07,Basic
C101822,52,Male,Ghaziabad,2025-09-17,Basic
C101823,43,Male,Gurugram,2024-11-21,Standard
C101824,29,Female,New Delhi,2025-09-24,Basic
C101825,28,Male,Gurugram,2024-08-31,Basic
C101826,54,Female,Mumbai,2024-10-15,Basic
C101827,42,Female,Bengaluru,2025-09-15,Basic
C101828,35,Male,Gurugram,2025-05-28,Standard
C101829,36,Female,New Delhi,2025-04-26,Standard
C101830,40,Male,Gurugram,2024-12-23,Premium
C101831,55,Other,Noida,2024-08-24,Basic
C101832,35,Male,Gurugram,2024-06-11,Basic
C101833,43,Other,Jaipur,2025-03-28,Basic
C101834,23,Female,Faridabad,2025-09-08,Basic
C101835,21,Male,Bengaluru,2025-06-07,Basic
C101836,46,Male,Gurugram,2025-07-26,Standard
C101837,51,Other,Bengaluru,2025-01-25,Premium
C101838,34,Female,Bengaluru,2024-08-25,Premium
C101839,33,Male,Gurugram,2025-02-26,Basic
C101840,19,Female,New Delhi,2024-11-20,Premium
C101841,51,Male,Gurugram,2025-08-06,Basic
C101842,25,Male,New Delhi,2025-09-25,Basic
C101843,30,Male,New Delhi,2025-11-08,Premium
C101844,59,Male,Faridabad,2024-11-02,Standard
C101845,25,Female,Noida,2025-02-21,Basic
C101846,47,Male,Mumbai,2024-06-05,Basic
C101847,49,Female,Gurugram,2024-07-09,Basic
C101848,53,Male,Chennai,2025-05-13,Standard
C101849,47,Male,Gurugram,2025-01-27,Standard
C101850,18,Male,Lucknow,2024-11-12,Premium
C101851,56,Male,New Delhi,2025-09-30,Basic
C101852,34,Male,Gurugram,2024-08-24,Basic
C101853,37,Male,Bengaluru,2025-03-10,Standard
C101854,41,Female,New Delhi,2025-09-21,Standard
C101855,39,Male,Ghaziabad,2025-11-15,Basic
C101856,46,Male,Faridabad,2024-06-03,Standard
C101857,39,Male,Noida,2025-01-15,Premium
C101858,26,Female,Noida,2024-09-04,Premium
C101859,54,Female,Lucknow,2024-10-09,Standard
C101860,27,Male,Gurugram,2024-09-12,Premium
C101861,53,Male,Jaipur,2024-05-20,Standard
C101862,54,Male,Bengaluru,2024-08-26,Standard
C101863,45,Female,Gurugram,2025-01-01,Basic
C101864,45,Male,Gurugram,2024-12-13,Basic
C101865,59,Male,Jaipur,2025-03-20,Basic
C101866,38,Male,Noida,2024-06-24,Standard
C101867,41,Male,Noida,2024-11-20,Basic
C101868,59,Male,Gurugram,2025-01-12,Premium
C101869,57,Female,Noida,2024-09-24,Basic
C101870,19,Male,Gurugram,2024-10-13,Basic
C101871,25,Female,Noida,2025-09-03,Standard
C101872,44,Male,Lucknow,2025-11-06,Basic
C101873,39,Male,New Delhi,2025-06-08,Basic
C101874,54,Female,Noida,2024-07-13,Basic
C101875,44,Male,Chennai,2024-11-09,Standard
C101876,46,Female,Jaipur,2025-03-17,Basic
C101877,20,Male,Bengaluru,2025-09-12,Standard
C101878,30,Male,Noida,2024-10-30,Standard
C101879,27,Female,Lucknow,2025-10-24,Basic
C101880,53,Male,Gurugram,2025-04-01,Basic
C101881,26,Female,Gurugram,2024-06-11,Basic
C101882,44,Male,Gurugram,2024-07-02,Standard
C101883,51,Female,Noida,2025-05-08,Basic
C101884,18,Male,Bengaluru,2024-07-29,Basic
C101885,49,Male,New Delhi,2025-07-29,Standard
C101886,42,Female,Ghaziabad,2025-09-23,Standard
C101887,46,Female,Jaipur,2025-10-10,Basic
C101888,24,Female,Faridabad,2025-07-13,Basic
C101889,20,Female,New Delhi,2024-09-18,Premium
C101890,37,Female,Faridabad,2025-02-13,Premium
C101891,37,Male,New Delhi,2025-07-15,Standard
C101892,47,Male,Gurugram,2025-02-03,Standard
C101893,52,Male,Chennai,2024-06-10,Standard
C101894,52,Male,Gurugram,2025-09-13,Premium
C101895,56,Male,Gurugram,2024-12-13,Premium
C101896,44,Male,Bengaluru,2025-03-15,Basic
C101897,43,Male,New Delhi,2025-08-05,Standard
C101898,31,Female,Ghaziabad,2025-09-13,Basic
C101899,34,Male,New Delhi,2024-11-04,Basic
C101900,35,Male,New Delhi,2025-07-08,Standard
C101901,46,Male,New Delhi,2024-08-17,Basic
C101902,37,Female,New Delhi,2025-09-13,Premium
C101903,44,Female,Noida,2024-06-11,Basic
C101904,35,Female,Jaipur,2025-06-05,Standard
C101905,21,Male,Noida,2025-09-03,Premium
C101906,18,Male,Mumbai,2024-09-11,Premium
C101907,18,Male,Gurugram,2025-08-04,Basic
C101908,43,Male,Noida,2025-06-04,Basic
C101909,37,Male,Faridabad,2025-07-12,Standard
C101910,40,Male,Mumbai,2025-09-11,Basic
C101911,27,Male,Gurugram,2025-07-07,Premium
C101912,28,Female,Faridabad,2024-09-20,Premium
C101913,58,Female,Bengaluru,2024-11-15,Basic
C101914,58,Male,Gurugram,2024-11-22,Basic
C101915,22,Male,Bengaluru,2024-09-05,Basic
C101916,18,Male,Gurugram,2024-07-06,Premium
C101917,34,Male,Lucknow,2024-08-31,Basic
C101918,39,Female,Mumbai,2024-10-29,Basic
C101919,51,Male,Ghaziabad,2025-01-15,Basic
C101920,58,Female,Noida,2025-08-02,Standard
C101921,46,Male,Gurugram,2025-06-04,Basic
C101922,21,Other,Mumbai,2024-06-15,Basic
C101923,22,Male,Noida,2025-09-25,Premium
C101924,28,Female,Gurugram,2024-07-13,Premium
C101925,38,Male,Jaipur,2025-04-07,Standard
C101926,52,Female,Noida,2025-01-17,Basic
C101927,29,Male,Gurugram,2024-09-10,Basic
C101928,43,Male,Gurugram,2024-12-03,Standard
C101929,36,Female,Gurugram,2025-10-02,Basic
C101930,24,Female,Faridabad,2025-06-09,Premium
C101931,24,Female,Ghaziabad,2024-09-25,Standard
C101932,43,Female,Noida,2025-03-19,Basic
C101933,57,Female,Bengaluru,2025-05-29,Premium
C101934,22,Male,Bengaluru,2025-08-02,Premium
C101935,38,Male,Ghaziabad,2025-04-10,Basic
C101936,31,Male,Gurugram,2025-06-14,Standard
C101937,21,Female,Jaipur,2024-07-28,Basic
C101938,40,Male,Noida,2025-04-10,Basic
C101939,59,Male,Faridabad,2025-10-17,Basic
C101940,37,Female,Ghaziabad,2024-10-04,Standard
C101941,32,Female,New Delhi,2025-06-26,Premium
C101942,46,Male,Mumbai,2025-06-11,Standard
C101943,25,Male,Gurugram,2025-05-29,Basic
C101944,58,Male,Jaipur,2024-10-23,Standard
C101945,36,Male,Gurugram,2024-09-27,Basic
C101946,56,Male,Mumbai,2025-08-14,Premium
C101947,45,Female,Gurugram,2025-04-21,Basic
C101948,44,Female,Gurugram,2025-10-30,Basic
C101949,21,Female,New Delhi,2025-04-14,Basic
C101950,32,Male,New Delhi,2025-06-16,Standard
C101951,52,Female,Gurugram,2024-11-16,Basic
C101952,54,Male,Faridabad,2025-06-11,Standard
C101953,18,Male,Noida,2024-07-22,Basic
C101954,20,Female,Gurugram,2025-04-01,Basic
C101955,41,Male,New Delhi,2024-08-02,Standard
C101956,44,Male,Bengaluru,2025-05-16,Premium
C101957,57,Female,Jaipur,2024-06-11,Premium
C101958,53,Male,Jaipur,2024-06-21,Basic
C101959,51,Female,Jaipur,2025-07-12,Basic
C101960,46,Male,New Delhi,2025-06-27,Basic
C101961,41,Female,Gurugram,2024-06-12,Standard
C101962,41,Male,New Delhi,2025-08-11,Standard
C101963,59,Male,Bengaluru,2025-10-12,Premium
C101964,21,Female,Chennai,2025-06-13,Premium
C101965,20,Male,Noida,2025-01-21,Basic
C101966,51,Male,Gurugram,2025-03-07,Standard
C101967,40,Male,Gurugram,2025-03-15,Premium
C101968,40,Male,New Delhi,2024-07-11,Standard
C101969,22,Male,Faridabad,2024-09-28,Basic
C101970,48,Male,Gurugram,2024-06-21,Basic
C101971,58,Female,Mumbai,2024-06-03,Basic
C101972,23,Male,New Delhi,2024-08-10,Basic
C101973,54,Male,Mumbai,2025-07-26,Basic
C101974,27,Male,Bengaluru,2025-11-17,Basic
C101975,57,Male,Lucknow,2024-12-30,Standard
C101976,24,Female,Ghaziabad,2024-10-03,Basic
C101977,56,Male,Ghaziabad,2024-12-11,Basic
C101978,55,Female,Ghaziabad,2025-08-03,Basic
C101979,38,Male,Ghaziabad,2024-06-26,Standard
C101980,37,Female,Faridabad,2025-01-29,Premium
C101981,20,Male,Chennai,2025-08-10,Standard
C101982,39,Female,Lucknow,2025-09-16,Basic
C101983,21,Female,Lucknow,2025-06-09,Premium
C101984,45,Male,Bengaluru,2024-11-17,Basic
C101985,29,Male,Gurugram,2024-09-22,Basic
C101986,55,Male,Gurugram,2025-11-06,Basic
C101987,53,Female,Noida,2024-12-22,Basic
C101988,58,Male,Noida,2025-02-13,Basic
C101989,22,Male,Bengaluru,2024-08-28,Premium
C101990,30,Female,Noida,2025-05-30,Standard
C101991,40,Male,Faridabad,2024-09-08,Basic
C101992,47,Female,Faridabad,2025-03-07,Premium
C101993,54,Female,Gurugram,2024-06-15,Basic
C101994,42,Female,Ghaziabad,2024-06-09,Basic
C101995,44,Female,Bengaluru,2024-09-08,Standard
C101996,31,Male,Gurugram,2025-07-30,Standard
C101997,53,Male,Faridabad,2025-08-03,Basic
C101998,56,Male,Faridabad,2025-05-13,Basic
C101999,33,Male,Gurugram,2025-01-15,Standard
